,index,name,prompt_name,input,continuations,correct_answer,is_consistent,is_nonsense,is_realistic,logprobs,multiple_choice_grade,human_matched_logprobs,human_matched_multiple_choice_grade
0,0,353773572297464588,Human-like,"If birds have more legs than octopuses, then octopuses have ","['fewer legs than birds', 'more legs than birds']",['fewer legs than birds'],False,False,True,[-2.20136213 -3.72330809],True,[-0.98111618 -4.49789715],True
1,1,4556910622852732112,Human-like,"If birds have fewer legs than octopuses, then octopuses have ","['more legs than birds', 'fewer legs than birds']",['more legs than birds'],True,False,True,[-2.09814024 -4.95558834],True,[-1.06984663 -5.33391047],True
2,2,-740004897056781240,Human-like,"If nests are bigger than igloos, then igloos are ","['smaller than nests', 'bigger than nests']",['smaller than nests'],False,False,True,[-2.60585213 -4.43024874],True,[-0.8722111  -4.63323641],True
3,3,8089988138108333280,Human-like,"If nests are smaller than igloos, then igloos are ","['bigger than nests', 'smaller than nests']",['bigger than nests'],True,False,True,[-3.57045841 -4.72316694],True,[-0.9477579  -5.20840883],True
4,4,-5787885742244536104,Human-like,"If molehills are bigger than mountains, then mountains are ","['smaller than molehills', 'bigger than molehills']",['smaller than molehills'],False,False,True,[-2.835145   -4.29312038],True,[-1.02232945 -3.66200924],True
5,5,-5980943527471895486,Human-like,"If molehills are smaller than mountains, then mountains are ","['bigger than molehills', 'smaller than molehills']",['bigger than molehills'],True,False,True,[-3.25677729 -6.44883776],True,[-0.95326149 -5.732862  ],True
6,6,-6396918932069099436,Human-like,"If trees are bigger than buildings, then buildings are ","['smaller than trees', 'bigger than trees']",['smaller than trees'],False,False,True,[-2.57747388 -4.86066484],True,[-0.87466711 -4.52084303],True
7,7,-6161920471928851323,Human-like,"If trees are smaller than buildings, then buildings are ","['bigger than trees', 'smaller than trees']",['bigger than trees'],True,False,True,[-3.66934443 -4.76796341],True,[-0.88866884 -5.03578472],True
8,8,7392249386315407881,Human-like,"If puddles are bigger than seas, then seas are ","['smaller than puddles', 'bigger than puddles']",['smaller than puddles'],False,False,True,[-2.88027763 -4.25279427],True,[-1.02380741 -3.65795016],True
9,9,-3300795068087188707,Human-like,"If puddles are smaller than seas, then seas are ","['bigger than puddles', 'smaller than puddles']",['bigger than puddles'],True,False,True,[-3.5312438  -6.64994287],True,[-0.86205202 -5.49500179],True
10,10,-5927414163476502549,Human-like,"If the moon is bigger than the earth, then the earth is ","['smaller than the moon', 'bigger than the moon']",['smaller than the moon'],False,False,True,[-2.00842547 -3.80252528],True,[-1.05928004 -3.43808913],True
11,11,5887492130568330782,Human-like,"If the moon is smaller than the earth, then the earth is ","['bigger than the moon', 'smaller than the moon']",['bigger than the moon'],True,False,True,[-3.23005557 -5.68768883],True,[-0.93582934 -4.82241058],True
12,12,-6701910865063480594,Human-like,"If a nightmare is more peaceful than a dream, then a dream is ","['less peaceful than a nightmare', 'more peaceful than a nightmare']",['less peaceful than a nightmare'],False,False,True,[-4.24076462 -5.55842257],True,[-1.31652009 -2.31789637],True
13,13,7446952098048495769,Human-like,"If a nightmare is less peaceful than a dream, then a dream is ","['more peaceful than a nightmare', 'less peaceful than a nightmare']",['more peaceful than a nightmare'],True,False,True,[-4.0181303  -7.02302647],True,[-0.9936043  -5.38844919],True
14,14,-6202768054935170214,Human-like,"If clouds are more useful than paper, then paper is ","['less useful than clouds', 'more useful than clouds']",['less useful than clouds'],False,False,True,[-3.24313354 -6.06645679],True,[-0.85956991 -4.75299788],True
15,15,-4402034151617450847,Human-like,"If clouds is less useful than paper, then paper is ","['more useful than clouds', 'less useful than clouds']",['more useful than clouds'],True,False,True,[-2.68760395 -5.47949553],True,[-1.21317983 -4.59866524],True
16,16,1935483848020180557,Human-like,"If fire is more wet than rain, then rain is ","['less wet than fire', 'more wet than fire']",['less wet than fire'],False,False,True,[-5.12684917 -6.87936115],True,[-1.23607099 -2.36229467],True
17,17,4087225834866934120,Human-like,"If fire is less wet than rain, then rain is ","['more wet than fire', 'less wet than fire']",['more wet than fire'],True,False,True,[-4.55824089 -6.57640266],True,[-1.12264323 -4.50922203],True
18,18,-2595073126183598501,Human-like,"If weeds are more beautiful than roses, then roses are ","['less beautiful than weeds', 'more beautiful than weeds']",['less beautiful than weeds'],False,False,True,[-3.02530384 -3.51019955],True,[-0.83665365 -5.21912575],True
19,19,2238435225246541453,Human-like,"If weeds are less beautiful than roses, then roses are ","['more beautiful than weeds', 'less beautiful than weeds']",['more beautiful than weeds'],True,False,True,[-2.69585991 -4.89260864],True,[-0.94760454 -5.73709822],True
20,20,-906958090463061792,Human-like,"If the Arctic is hotter than the Sahara desert, then the Sahara desert is ","['colder than the Arctic', 'hotter than the Arctic']",['colder than the Arctic'],False,False,True,[-3.25846648 -5.25411129],True,[-1.01768494 -2.27864981],True
21,21,-7351310407398577285,Human-like,"If the Sahara desert is colder than the Arctic, then the Sahara desert is ","['hotter than the Arctic', 'colder than the Arctic']",['hotter than the Arctic'],True,False,True,[-4.39467716 -2.8282268 ],False,[-1.44911587 -1.70352733],True
22,22,-9019237303679589020,Human-like,"If war is better than peace, then peace is ","['worse than war', 'better than war']",['worse than war'],False,False,True,[-2.07612085 -2.54133081],True,[-0.9488557  -4.95610857],True
23,23,641466891538537911,Human-like,"If war is worse than peace, then peace is ","['better than war', 'worse than war']",['better than war'],True,False,True,[-1.86408818 -3.65171838],True,[-1.02401137 -3.91829276],True
24,24,1263091886492330912,Human-like,"If the Earth is bigger than Jupiter, then Jupiter is ","['smaller than the Earth', 'bigger than the Earth']",['smaller than the Earth'],False,False,True,[-2.20485473 -4.31363153],True,[-0.97161984 -3.8342247 ],True
25,25,-3096750830088355151,Human-like,"If Earth is smaller than the Jupiter, then Jupiter is ","['bigger than the Earth', 'smaller than the Earth']",['bigger than the Earth'],True,False,True,[-3.9239521  -5.69256639],True,[-1.05216765 -4.92993164],True
26,26,-6027038608312630253,Human-like,"If summer is colder than winter, then winter is ","['hotter than summer', 'colder than summer']",['hotter than summer'],False,False,True,[-3.60540152 -4.99090004],True,[-0.91993767 -3.42352653],True
27,27,-4016624133278071867,Human-like,"If summer is hotter than winter, then winter is ","['colder than summer', 'hotter than summer']",['colder than summer'],True,False,True,[-3.31395459 -6.1711216 ],True,[-0.8082481  -4.09775686],True
28,28,-5649846735604791098,Human-like,"If lakes are bigger than oceans, then oceans are ","['smaller than lakes', 'bigger than lakes']",['smaller than lakes'],False,False,True,[-2.28898454 -3.77250004],True,[-0.92567432 -3.68317103],True
29,29,2693954123957747559,Human-like,"If lakes are smaller than oceans, then oceans are ","['bigger than lakes', 'smaller than lakes']",['bigger than lakes'],True,False,True,[-3.79277134 -5.02024221],True,[-0.87304318 -5.50356579],True
30,30,-5839232697906939787,Human-like,"If darkness is brighter than light, then light is ","['darker than darkness', 'brighter than darkness']",['darker than darkness'],False,False,True,[-2.71994233 -4.15626907],True,[-1.18510199 -3.56077623],True
31,31,-4149835315430007994,Human-like,"If darkness is darker than light, then light is ","['brighter than darkness', 'darker than darkness']",['brighter than darkness'],True,False,True,[-4.08214474 -4.07328415],False,[-1.34959912 -3.24076247],True
32,32,-308199501963705876,Human-like,"If Japan is bigger than America, then America is ","['smaller than Japan', 'bigger than Japan']",['smaller than Japan'],False,False,True,[-2.2829237  -4.80168772],True,[-0.82924521 -3.84155178],True
33,33,5443249373229609198,Human-like,"If Japan is smaller than America, then America is ","['bigger than Japan', 'smaller than Japan']",['bigger than Japan'],True,False,True,[-3.5397439  -5.42931938],True,[-0.8864103 -5.0182085],True
34,34,7083483013736700465,Human-like,"If ants are prettier than butterflies, then butterflies are ","['uglier than ants', 'prettier than ants']",['uglier than ants'],False,False,True,[-2.86456013 -4.25076246],True,[-1.12016916 -3.63482451],True
35,35,3138367768686163428,Human-like,"If ants are uglier than butterflies, then butterflies are ","['prettier than ants', 'uglier than ants']",['prettier than ants'],True,False,True,[-3.66607261 -4.63659716],True,[-1.02240026 -4.66080189],True
36,36,-6470664818760543412,Human-like,"If rain is colder than snow, then snow is ","['hotter than rain', 'colder than rain']",['hotter than rain'],False,False,True,[-4.25517988 -4.33058739],True,[-1.22970009 -2.22904325],True
37,37,-2554502362075861647,Human-like,"If rain is hotter than snow, then snow is ","['colder than rain', 'hotter than rain']",['colder than rain'],True,False,True,[-2.5649209  -6.88389921],True,[-0.80476981 -4.07361221],True
38,38,-6833689532122239617,Human-like,"If shrubs are taller than trees, then trees are ","['shorter than shrubs', 'taller than shrubs']",['shorter than shrubs'],False,False,True,[-2.58440685 -5.90319872],True,[-0.88038892 -4.01915932],True
39,39,1438293165302359880,Human-like,"If shrubs are shorter than trees, then trees are ","['taller than shrubs', 'shorter than shrubs']",['taller than shrubs'],True,False,True,[-3.20159101 -4.73216629],True,[-0.88489228 -5.04247332],True
40,40,3852063665562164200,Human-like,"If water is colder than ice, then ice is ","['hotter than water', 'colder than water']",['hotter than water'],False,False,True,[-4.05207443 -3.59749985],False,[-1.4024092  -1.77578807],True
41,41,-6721261362112549944,Human-like,"If water is hotter than ice, then ice is ","['colder than water', 'hotter than water']",['colder than water'],True,False,True,[-2.77855492 -6.59237242],True,[-0.88435072 -3.40231371],True
42,42,-8212542471904829904,Human-like,"If hills are higher than mountains, then mountains are ","['shorter than hills', 'higher than hills']",['shorter than hills'],False,False,True,[-6.40075874 -4.38335371],False,[-1.03924108 -2.79319167],True
43,43,-6191369592476343321,Human-like,"If hills are shorter than mountains, then mountains are ","['higher than hills', 'shorter than hills']",['higher than hills'],True,False,True,[-5.85424805 -4.92086887],False,[-0.82341391 -4.71411324],True
44,44,1835079163446477472,Human-like,"If children are bigger than adults, then adults are ","['smaller than children', 'bigger than children']",['smaller than children'],False,False,True,[-2.31242537 -3.77604795],True,[-0.87946862 -3.64155769],True
45,45,-7972743269194599296,Human-like,"If children are smaller than adults, then adults are ","['bigger than children', 'smaller than children']",['bigger than children'],True,False,True,[-3.56313753 -4.24395943],True,[-0.81454992 -5.83302402],True
46,46,-809109503967777128,Human-like,"If snakes are less scary than lizards, then lizards are ","['less scary than snakes', 'less scary than snakes']",['less scary than snakes'],False,False,True,[-5.37042618 -5.37042618],True,[-1.85545838 -1.85545838],True
47,47,-809109503967777128,Human-like,"If snakes are less scary than lizards, then lizards are ","['less scary than snakes', 'less scary than snakes']",['less scary than snakes'],True,False,True,[-5.37042618 -5.37042618],True,[-1.85545838 -1.85545838],True
48,48,8573774736638981572,Human-like,"If turtles are faster than wolves, then wolves are ","['slower than turtles', 'faster than turtles']",['slower than turtles'],False,False,True,[-1.83378541 -5.17193556],True,[-0.89420778 -3.658916  ],True
49,49,7120674138915473687,Human-like,"If turtles are slower than wolves, then wolves are ","['faster than turtles', 'slower than turtles']",['faster than turtles'],True,False,True,[-2.41743159 -5.28451157],True,[-1.03566587 -4.4279356 ],True
50,50,-1845346098479525325,Human-like,"If winter is hotter than summer, then summer is ","['colder than winter', 'hotter than winter']",['colder than winter'],False,False,True,[-2.73827839 -5.90235996],True,[-0.89760512 -3.30786991],True
51,51,7531659882959321556,Human-like,"If winter is colder than summer, then summer is ","['hotter than winter', 'colder than winter']",['hotter than winter'],True,False,True,[-5.57958508 -4.7137537 ],False,[-0.76897645 -5.46292162],True
52,52,2462379629116637564,Human-like,"If leaves are heavier than books, then books are ","['lighter than leaves', 'heavier than leaves']",['lighter than leaves'],False,False,True,[-2.33886552 -4.67338419],True,[-0.86606276 -3.51381207],True
53,53,-8483375550141420446,Human-like,"If leaves are lighter than books, then books are ","['heavier than leaves', 'lighter than leaves']",['heavier than leaves'],True,False,True,[-2.80971098 -4.85113811],True,[-0.87356657 -7.03998947],True
54,54,8830430510356611025,Human-like,"If broccoli is sweeter than candy, then candy is ","['less sweet than broccoli', 'sweeter than broccoli']",['less sweet than broccoli'],False,False,True,[-4.83362246 -4.61828613],False,[-0.85268879 -4.12329531],True
55,55,-4745115924433912458,Human-like,"If broccoli is less sweet than candy, then candy is ","['sweeter than broccoli', 'less sweet than broccoli']",['sweeter than broccoli'],True,False,True,[-4.31531477 -5.21309662],True,[-0.98351771 -5.75276947],True
56,56,5779881308334683209,Human-like,"If trees are taller than skyscrapers, then skyscrapers are ","['shorter than trees', 'taller than trees']",['shorter than trees'],False,False,True,[-2.74973273 -5.53476858],True,[-0.74823713 -4.76408052],True
57,57,-3517692489633643134,Human-like,"If trees are shorter than skyscrapers, then skyscrapers are ","['taller than trees', 'shorter than trees']",['taller than trees'],True,False,True,[-2.88959026 -4.81319094],True,[-0.90447652 -4.16157055],True
58,58,-128248488312184144,Human-like,"If water is more dry than wet, then water is ","['less wet than dry', 'more wet than dry']",['less wet than dry'],False,False,True,[-5.46018219 -3.87154126],False,[-1.78201532 -1.91474533],True
59,59,-582045587618788193,Human-like,"If dry is less wet than water, then water is ","['more wet than dry', 'less wet than dry']",['more wet than dry'],True,False,True,[-4.63132286 -6.11572266],True,[-1.10305119 -4.8684535 ],True
60,60,-7099903103059874015,Human-like,"If ice is more hot than fire, then fire is ","['less hot than ice', 'more hot than ice']",['less hot than ice'],False,False,True,[-4.73632574 -5.13278198],True,[-1.12190819 -3.12572455],True
61,61,4108633914967051091,Human-like,"If ice is less hot than fire, then fire is ","['more hot than ice', 'less hot than ice']",['more hot than ice'],True,False,True,[-4.49941349 -5.30469942],True,[-1.14286864 -4.40894127],True
62,62,-1776350586914772659,Human-like,"If paper is harder than wood, then wood is ","['softer than paper', 'harder than paper']",['softer than paper'],False,False,True,[-2.88856483 -7.445014  ],True,[-0.84134442 -4.12917519],True
63,63,8332264589054151229,Human-like,"If paper is softer than wood, then wood is ","['harder than paper', 'softer than paper']",['harder than paper'],True,False,True,[-3.7700603  -5.42918634],True,[-0.80233109 -4.70617199],True
64,64,6287239990248545280,Human-like,"If daisies are more beautiful than roses, then roses are ","['less beautiful than daisies', 'more beautiful than daisies']",['less beautiful than daisies'],False,False,True,[-2.80119085 -3.97842073],True,[-0.81661254 -5.10666275],True
65,65,-5428066310799666873,Human-like,"If daisies are less beautiful than roses, then roses are ","['more beautiful than daisies', 'less beautiful than daisies']",['more beautiful than daisies'],True,False,True,[-2.32426596 -4.46283817],True,[-0.87990677 -5.830791  ],True
66,66,956642921111157991,Human-like,"If snakes are slimier than lizards, then lizards are ","['drier than snakes', 'slimier than snakes']",['drier than snakes'],False,False,True,[-8.68625069 -5.07889414],False,[-0.87791294 -6.25691175],True
67,67,-3295567600962504739,Human-like,"If snakes are drier than lizards, then lizards are ","['slimier than snakes', 'drier than snakes']",['slimier than snakes'],True,False,True,[-10.80035782  -6.06811047],False,[-1.71906972 -2.84826255],True
68,68,-4323148829744575804,Human-like,"If rain is louder than thunder, then thunder is ","['quieter than rain', 'louder than rain']",['quieter than rain'],False,False,True,[-3.01096177 -4.51020908],True,[-1.20940459 -3.72656059],True
69,69,-6460876195130366937,Human-like,"If rain is quieter than thunder, then thunder is ","['louder than rain', 'quieter than rain']",['louder than rain'],True,False,True,[-2.99917579 -5.02162075],True,[-1.02302253 -5.90519667],True
70,70,2692349286841468603,Human-like,"If librarians are funnier than clowns, then clowns are ","['less funny than librarians', 'funnier than librarians']",['less funny than librarians'],False,False,True,[-3.98741627 -4.35205936],True,[-0.90957767 -4.32710552],True
71,71,-2352716056817615860,Human-like,"If librarians are less funny than clowns, then clowns are ","['funnier than librarians', 'less funny than librarians']",['funnier than librarians'],True,False,True,[-3.4454813  -6.24527359],True,[-1.23887372 -5.00223732],True
72,72,7191114153803895042,Human-like,"If dogs are slower than hens, then hens are ","['faster than dogs', 'slower than dogs']",['faster than dogs'],False,False,True,[-2.41856647 -5.24380779],True,[-1.01315188 -4.01774406],True
73,73,-842568114272974300,Human-like,"If dogs are faster than hens, then hens are ","['slower than dogs', 'faster than dogs']",['slower than dogs'],True,False,True,[-1.74820387 -5.64969349],True,[-0.83047992 -4.33972073],True
74,74,-1518451771095184170,Human-like,"If cars are cuter than dogs, then dogs are ","['less cute than cars', 'cuter than cars']",['less cute than cars'],False,False,True,[-4.44607306 -4.5523057 ],True,[-0.87842906 -5.63672018],True
75,75,-8406027912489967336,Human-like,"If cars are less cute than dogs, then dogs are ","['cuter than cars', 'less cute than cars']",['cuter than cars'],True,False,True,[-4.40843391 -5.40457869],True,[-0.85517174 -4.77057838],True
76,76,-5610672808844763765,Human-like,"If snow is fluffier than clouds, then clouds are ","['less fluffy than snow', 'fluffier than snow']",['less fluffy than snow'],False,False,True,[-4.94095516 -4.4488492 ],False,[-1.05664766 -6.32966232],True
77,77,6848649372795317416,Human-like,"If snow are less fluffy than clouds, then clouds are ","['fluffier than snow', 'less fluffy than snow']",['fluffier than snow'],True,False,True,[-3.0975709  -5.49233341],True,[-1.3372339  -4.23181009],True
78,78,7432079362499549751,Human-like,"If roses are more hairy than spiders, then spiders are ","['less hairy than roses', 'more hairy than roses']",['less hairy than roses'],False,False,True,[-2.62166619 -4.95578909],True,[-0.97060657 -3.99676585],True
79,79,-18196839459812143,Human-like,"If roses are less hairy than spiders, then spiders are ","['more hairy than roses', 'less hairy than roses']",['more hairy than roses'],True,False,True,[-3.45651269 -5.24710178],True,[-1.06144297 -5.21762466],True
80,80,3280345861631980905,Human-like,"If roses are bigger than apples, then apples are ","['smaller than roses', 'bigger than roses']",['smaller than roses'],False,False,True,[-1.95702744 -4.47887135],True,[-0.81173456 -4.20163774],True
81,81,319768797909182233,Human-like,"If roses are smaller than apples, then apples are ","['bigger than roses', 'smaller than roses']",['bigger than roses'],True,False,True,[-2.93657064 -5.02770138],True,[-0.84438115 -5.23664284],True
82,82,764481124054535208,Human-like,"If dogs are smaller than cats, then cats are ","['bigger than dogs', 'smaller than dogs']",['bigger than dogs'],False,False,True,[-2.74311852 -4.32381535],True,[-0.81842011 -5.46012068],True
83,83,-7903782303914014183,Human-like,"If dogs are bigger than cats, then cats are ","['smaller than dogs', 'bigger than dogs']",['smaller than dogs'],True,False,True,[-2.31229019 -5.14388084],True,[-0.81736642 -4.08696985],True
84,84,8935089261010854539,Human-like,"If squares are rounder than balls, then balls are ","['less round than squares', 'rounder than squares']",['less round than squares'],False,False,True,[-5.85578918 -4.95473003],False,[-1.07994533 -4.59096479],True
85,85,418410672721858962,Human-like,"If squares are less round than balls, then balls are ","['rounder than squares', 'less round than squares']",['rounder than squares'],True,False,True,[-5.22541046 -6.1791563 ],True,[-1.41931713 -5.80894327],True
86,86,-3475973660871231033,Human-like,"If oranges are more sweet than grapes, then grapes are ","['less sweet than oranges', 'more sweet than oranges']",['less sweet than oranges'],False,False,True,[-2.6909349  -6.21967268],True,[-0.8145566  -4.70644855],True
87,87,3043557737824961705,Human-like,"If oranges are less sweet than grapes, then grapes are ","['more sweet than oranges', 'less sweet than oranges']",['more sweet than oranges'],True,False,True,[-4.77512836 -4.59071255],False,[-0.99262953 -5.00566959],True
88,88,-3303763688219388091,Human-like,"If shoes are taller than chairs, then chairs are ","['shorter than shoes', 'taller than shoes']",['shorter than shoes'],False,False,True,[-2.74713421 -5.88218307],True,[-0.75850594 -4.39399099],True
89,89,3380124850463601628,Human-like,"If shoes are shorter than chairs, then chairs are ","['taller than shoes', 'shorter than shoes']",['taller than shoes'],True,False,True,[-3.58231544 -5.9799118 ],True,[-1.00285459 -4.01727009],True
90,90,-6435009023709473568,Human-like,"If walking is faster than running, then running is ","['slower than walking', 'faster than walking']",['slower than walking'],False,False,True,[-2.30355215 -4.57432652],True,[-0.82097006 -4.08787298],True
91,91,-5483882675143090462,Human-like,"If walking is slower than running, then running is ","['faster than walking', 'slower than walking']",['faster than walking'],True,False,True,[-2.96637988 -5.7692585 ],True,[-0.92374504 -4.69135237],True
92,92,279892768440776821,Human-like,"If walking is more fun than running, then running is ","['less fun than walking', 'more fun than walking']",['less fun than walking'],False,False,True,[-2.67459416 -5.22644091],True,[-0.84921616 -6.24498749],True
93,93,602282145715352978,Human-like,"If walking is less fun than running, then running is ","['more fun than walking', 'less fun than walking']",['more fun than walking'],True,False,True,[-2.83154964 -6.04595804],True,[-0.98591596 -5.51750708],True
94,94,-8132297896139466810,Human-like,"If cats can jump farther than frogs, then frogs can ","['jump less far than cats', 'jump farther than cats']",['jump less far than cats'],False,False,True,[-5.15649796 -3.1961    ],False,[-1.01043153 -5.27891302],True
95,95,-92367407655224778,Human-like,"If cats can jump less far than frogs, then frogs can ","['jump farther than cats', 'jump less far than cats']",['jump farther than cats'],True,False,True,[-3.26552343 -3.90423965],True,[-0.9758454  -4.11378384],True
96,96,6774016228133799201,Human-like,"If humans can fly faster than birds, then birds can ","['fly slower than humans', 'fly faster than humans']",['fly slower than humans'],False,False,True,[-2.62901425 -1.83536398],False,[-1.09856296 -5.03564978],True
97,97,-5379612810413589975,Human-like,"If humans can fly slower than birds, then birds can ","['fly faster than humans', 'fly slower than humans']",['fly faster than humans'],True,False,True,[-1.84460223 -4.63547039],True,[-1.13598239 -4.16497707],True
98,98,7365156394911091180,Human-like,"If bears are smaller than spiders, then spiders are ","['bigger than bears', 'smaller than bears']",['bigger than bears'],False,False,True,[-2.73052239 -4.59687424],True,[-0.94608206 -4.95481157],True
99,99,-5656782923599060157,Human-like,"If bears are bigger than spiders, then spiders are ","['smaller than bears', 'bigger than bears']",['smaller than bears'],True,False,True,[-2.33542395 -4.95436573],True,[-0.89118624 -3.77561069],True
100,100,-8924319291717987996,Human-like,"If goats have longer necks than giraffes, then giraffes have ","['shorter necks than goats', 'longer necks than goats']",['shorter necks than goats'],False,False,True,[-1.80115616 -3.05070782],True,[-0.8666966  -4.75037479],True
101,101,-1524516348782716345,Human-like,"If goats have shorter necks than giraffes, then giraffes have ","['longer necks than goats', 'shorter necks than goats']",['longer necks than goats'],True,False,True,[-2.76029587 -5.41178083],True,[-0.9890089  -4.51407051],True
102,102,-3810528041702091397,Human-like,"If worms are more scary than sharks, then sharks are ","['less scary than worms', 'more scary than worms']",['less scary than worms'],False,False,True,[-2.80707574 -5.56999207],True,[-0.86788827 -4.38848019],True
103,103,5751260044848901114,Human-like,"If worms are less scary than sharks, then sharks are ","['more scary than worms', 'less scary than worms']",['more scary than worms'],True,False,True,[-4.11018991 -6.36603403],True,[-1.00565434 -5.16855335],True
104,104,-7796136594408236953,Human-like,"If shrubs are bigger than trees, then trees are ","['smaller than shrubs', 'bigger than shrubs']",['smaller than shrubs'],False,False,True,[-2.52752185 -4.68694544],True,[-0.9091832 -3.6726737],True
105,105,8965208748734051059,Human-like,"If shrubs are smaller than trees, then trees are ","['bigger than shrubs', 'smaller than shrubs']",['bigger than shrubs'],True,False,True,[-3.49928927 -5.40962505],True,[-0.87316871 -5.90124893],True
106,106,-2310867436174916121,Human-like,"If airplanes are faster than rockets, then rockets are ","['slower than airplanes', 'faster than airplanes']",['slower than airplanes'],False,False,True,[-1.8152082  -4.50981426],True,[-0.84452486 -4.36818504],True
107,107,4817162430323848740,Human-like,"If airplanes are slower than rockets, then rockets are ","['faster than airplanes', 'slower than airplanes']",['faster than airplanes'],True,False,True,[-2.33909798 -5.03923273],True,[-1.02824759 -4.66691208],True
108,108,7721724835837490076,Human-like,"If lemons are sweeter than tomatoes, then tomatoes are ","['less sweet than lemons', 'sweeter than lemons']",['less sweet than lemons'],False,False,True,[-5.0859499  -5.46508503],True,[-0.80682462 -4.70619631],True
109,109,-8895116630550333295,Human-like,"If lemons are less sweet than tomatoes, then tomatoes are ","['sweeter than lemons', 'less sweet than lemons']",['sweeter than lemons'],True,False,True,[-3.47000265 -6.01220083],True,[-1.01526308 -4.91111374],True
110,110,-5094142623360925929,Human-like,"If mice can run faster than cheetahs, then cheetahs can ","['run slower than mice', 'run faster than mice']",['run slower than mice'],False,False,True,[-2.96650195 -1.88851571],False,[-0.91758668 -3.81364298],True
111,111,-7293301576167097237,Human-like,"If mice can run slower than cheetahs, then cheetahs can ","['run faster than mice', 'run slower than mice']",['run faster than mice'],True,False,True,[-2.02840972 -5.73127174],True,[-0.9587726 -4.6058116],True
112,112,-6991376989699659931,Human-like,"If giraffes are fatter than penguins, then penguins are ","['skinnier than giraffes', 'fatter than giraffes']",['skinnier than giraffes'],False,False,True,[-4.19908476 -3.88089275],False,[-0.89478439 -4.65653849],True
113,113,628572805107050760,Human-like,"If giraffes are skinnier than penguins, then penguins are ","['fatter than giraffes', 'skinnier than giraffes']",['fatter than giraffes'],True,False,True,[-3.78744888 -4.60438824],True,[-1.11829662 -3.75066471],True
114,114,6955712299445511871,Human-like,"If fish are more loyal than dogs, then dogs are ","['less loyal than fish', 'more loyal than fish']",['less loyal than fish'],False,False,True,[-2.65363312 -4.99012661],True,[-0.82361341 -4.22651911],True
115,115,6920915079211142666,Human-like,"If fish are less loyal than dogs, then dogs are ","['more loyal than fish', 'less loyal than fish']",['more loyal than fish'],True,False,True,[-2.78553677 -5.16016531],True,[-0.9985218 -5.4226594],True
116,116,3787235184856559971,Human-like,"If birds are more dangerous than bees, then bees are ","['less dangerous than birds', 'more dangerous than birds']",['less dangerous than birds'],False,False,True,[-2.859267   -5.56878281],True,[-0.74923325 -4.27020693],True
117,117,-2325920902010232222,Human-like,"If birds are less dangerous than bees, then bees are ","['more dangerous than birds', 'less dangerous than birds']",['more dangerous than birds'],True,False,True,[-3.27633023 -5.43422127],True,[-0.99715418 -5.26497412],True
118,118,1178651371955807696,Human-like,"If caterpillars are stronger than ants, then ants are ","['weaker than caterpillars', 'stronger than caterpillars']",['weaker than caterpillars'],False,False,True,[-2.55896163 -5.12222433],True,[-0.86868864 -4.7614069 ],True
119,119,-3638489596351810918,Human-like,"If caterpillars are weaker than ants, then ants are ","['stronger than caterpillars', 'weaker than caterpillars']",['stronger than caterpillars'],True,False,True,[-2.94509673 -6.27528   ],True,[-1.05217838 -5.93975115],True
120,120,-4943407153751722235,Human-like,"If wolves are more dangerous than lions, then lions are ","['less dangerous than wolves', 'more dangerous than wolves']",['less dangerous than wolves'],False,False,True,[-2.51283836 -5.00278473],True,[-0.74471861 -4.79729843],True
121,121,6854286059243093547,Human-like,"If wolves are less dangerous than lions, then lions are ","['more dangerous than wolves', 'less dangerous than wolves']",['more dangerous than wolves'],True,False,True,[-2.66327691 -4.89151478],True,[-0.99951178 -5.41140556],True
122,122,7746435811691387094,Human-like,"If ants are taller than people, then people are ","['shorter than ants', 'taller than ants']",['shorter than ants'],False,False,True,[-3.08897638 -5.23204994],True,[-0.76506466 -4.15451288],True
123,123,-6189806648415316457,Human-like,"If ants are shorter than people, then people are ","['taller than ants', 'shorter than ants']",['taller than ants'],True,False,True,[-2.94371295 -5.30450344],True,[-0.852552   -4.87059355],True
124,124,2952638764765458874,Human-like,"If fish are more beautiful than butterflies, then butterflies are ","['less beautiful than fish', 'more beautiful than fish']",['less beautiful than fish'],False,False,True,[-2.69627738 -4.69303036],True,[-0.79731584 -5.81314993],True
125,125,1520162220428483952,Human-like,"If fish are less beautiful than butterflies, then butterflies are ","['more beautiful than fish', 'less beautiful than fish']",['more beautiful than fish'],True,False,True,[-2.81769872 -5.42305326],True,[-1.01312506 -5.17161417],True
126,126,5793465131467932771,Human-like,"If cats are stronger than dogs, then dogs are ","['weaker than cats', 'stronger than cats']",['weaker than cats'],False,False,True,[-2.19211984 -4.61112261],True,[-0.87646228 -4.64732265],True
127,127,4449328464121549937,Human-like,"If cats are weaker than dogs, then dogs are ","['stronger than cats', 'weaker than cats']",['stronger than cats'],True,False,True,[-2.66602087 -6.08168507],True,[-0.92013597 -5.68630028],True
128,128,1298297350600209801,Human-like,"If insects are stronger than gorillas, then gorillas are ","['weaker than insects', 'stronger than insects']",['weaker than insects'],False,False,True,[-2.5575633  -4.83325005],True,[-0.84105194 -3.8504703 ],True
129,129,-8898901983486089309,Human-like,"If insects are weaker than gorillas, then gorillas are ","['stronger than insects', 'weaker than insects']",['stronger than insects'],True,False,True,[-2.85450816 -5.97889805],True,[-0.91855425 -6.30516577],True
130,130,-6920632076298894797,Human-like,"If the night is hotter than the day, then the day is ","['colder than the night', 'hotter than the night']",['colder than the night'],False,False,True,[-3.09727383 -4.46477795],True,[-1.07149386 -2.71973729],True
131,131,4252095085205046050,Human-like,"If the night is colder than the day, then the day is ","['hotter than the night', 'colder than the night']",['hotter than the night'],True,False,True,[-4.47678328 -3.87036228],False,[-0.89218515 -4.55263186],True
132,132,1546749665637306531,Human-like,"If silver is more expensive than gold, then gold is ","['less expensive than silver', 'more expensive than silver']",['less expensive than silver'],False,False,True,[-2.76160598 -4.91729879],True,[-0.86027759 -5.50388718],True
133,133,-1845929951718846157,Human-like,"If silver is less expensive than gold, then gold is ","['more expensive than silver', 'less expensive than silver']",['more expensive than silver'],True,False,True,[-2.33587646 -4.39907217],True,[-1.05788386 -6.10027218],True
134,134,-1973889908152216142,Human-like,"If enemies are better than friends, then friends are ","['worse than enemies', 'better than enemies']",['worse than enemies'],False,False,True,[-2.08463645 -3.49962568],True,[-0.89174485 -5.29085064],True
135,135,-1957362655164235651,Human-like,"If enemies are worse than friends, then friends are ","['better than enemies', 'worse than enemies']",['better than enemies'],True,False,True,[-2.61239195 -3.7497046 ],True,[-1.05625796 -3.60311961],True
136,136,-221999222062362349,Human-like,"If cars are bigger than boats, then boats are ","['smaller than cars', 'bigger than cars']",['smaller than cars'],False,False,True,[-2.63971901 -5.79934835],True,[-0.81021714 -4.33209515],True
137,137,2786473815015672619,Human-like,"If cars are smaller than boats, then boats are ","['bigger than cars', 'smaller than cars']",['bigger than cars'],True,False,True,[-3.31700659 -6.74979353],True,[-0.87819988 -5.27633858],True
138,138,3141798095453440871,Human-like,"If horses are faster than cars, then cars are ","['slower than horses', 'faster than horses']",['slower than horses'],False,False,True,[-2.03928852 -5.25837135],True,[-0.76301152 -4.55760098],True
139,139,845466941182018256,Human-like,"If horses are slower than cars, then cars are ","['faster than horses', 'slower than horses']",['faster than horses'],True,False,True,[-3.12715292 -5.45640087],True,[-0.95593494 -4.50098991],True
140,140,-3959265181253221423,Human-like,"If snow is wetter than rain, then rain is ","['drier than snow', 'wetter than snow']",['drier than snow'],False,False,True,[-3.80911779 -5.16462755],True,[-1.01985824 -3.04377913],True
141,141,3517436652405633909,Human-like,"If snow is drier than rain, then rain is ","['wetter than snow', 'drier than snow']",['wetter than snow'],True,False,True,[-3.47771144 -5.78028965],True,[-0.93253577 -4.89910269],True
142,142,-1845346098479525325,Human-like,"If winter is hotter than summer, then summer is ","['colder than winter', 'hotter than winter']",['colder than winter'],False,False,True,[-2.73827839 -5.90235996],True,[-0.89760512 -3.30786991],True
143,143,7531659882959321556,Human-like,"If winter is colder than summer, then summer is ","['hotter than winter', 'colder than winter']",['hotter than winter'],True,False,True,[-5.57958508 -4.7137537 ],False,[-0.76897645 -5.46292162],True
144,144,3655158864364376889,Human-like,"If Europe is bigger than Africa, then Africa is ","['smaller than Europe', 'bigger than Europe']",['smaller than Europe'],False,False,True,[-2.23552608 -4.90764284],True,[-0.90625584 -4.17007256],True
145,145,-5822091466613857546,Human-like,"If Europe is smaller than Africa, then Africa is ","['bigger than Europe', 'smaller than Europe']",['bigger than Europe'],True,False,True,[-3.46112132 -5.1904192 ],True,[-0.95124078 -5.21304512],True
146,146,-7653765526515964481,Human-like,"If Europe is bigger than Latin America, then Latin America is ","['smaller than Europe', 'bigger than Europe']",['smaller than Europe'],False,False,True,[-2.61595678 -5.32445383],True,[-0.80280346 -4.81590796],True
147,147,9022930056001478339,Human-like,"If Europe is smaller than Latin America, then Latin America is ","['bigger than Europe', 'smaller than Europe']",['bigger than Europe'],True,False,True,[-3.81306887 -5.35050821],True,[-0.94575793 -4.95079994],True
148,148,-3722096239967194593,Human-like,"If Europe is bigger than Asia, then Asia is ","['smaller than Europe', 'bigger than Europe']",['smaller than Europe'],False,False,True,[-2.30687308 -4.49320698],True,[-0.8485558  -4.23553228],True
149,149,-6717285303358404560,Human-like,"If Europe is smaller than Asia, then Asia is ","['bigger than Europe', 'smaller than Europe']",['bigger than Europe'],True,False,True,[-3.60011578 -4.96939325],True,[-0.8830663  -5.39637852],True
150,150,-811472450754184993,Human-like,"If Australia is bigger than Africa, then Africa is ","['smaller than Australia', 'bigger than Australia']",['smaller than Australia'],False,False,True,[-2.3012507  -5.11820984],True,[-0.84935665 -3.86516523],True
151,151,5220437495604394210,Human-like,"If Australia is smaller than Africa, then Africa is ","['bigger than Australia', 'smaller than Australia']",['bigger than Australia'],True,False,True,[-3.47135258 -5.39657164],True,[-0.88790393 -5.02470779],True
152,152,-602197804810995999,Human-like,"If the moon is hotter than the sun, then the sun is ","['colder than the moon', 'hotter than the moon']",['colder than the moon'],False,False,True,[-3.19631195 -4.37723112],True,[-1.11221814 -2.23997331],True
153,153,-7683712629492836919,Human-like,"If the moon is colder than the sun, then the sun is ","['hotter than the moon', 'colder than the moon']",['hotter than the moon'],True,False,True,[-3.47980046 -4.54224873],True,[-0.87836957 -4.51750612],True
154,154,-242093053466049283,Human-like,"If the moon is brighter than the sun, then the sun is ","['dimmer than the moon', 'brighter than the moon']",['dimmer than the moon'],False,False,True,[-3.66087484 -3.66571641],True,[-0.93149596 -3.93675971],True
155,155,-6289411724456132838,Human-like,"If the moon is dimmer than the sun, then the sun is ","['brighter than the moon', 'dimmer than the moon']",['brighter than the moon'],True,False,True,[-3.2448256  -3.71618176],True,[-0.92765743 -5.17861748],True
156,156,8735925346012454397,Human-like,"If thrum have more legs than pand, then pand have ","['fewer legs than thrum', 'more legs than thrum']",['fewer legs than thrum'],True,True,False,[-1.79044271 -3.57639527],True,[-1.25302255 -4.01943398],True
157,157,8124533083706413680,Human-like,"If glon are bigger than femp, then femp are ","['smaller than glon', 'bigger than glon']",['smaller than glon'],False,True,False,[-1.5856967  -3.88836241],True,[-0.93699104 -4.06886339],True
158,158,-727113364806762004,Human-like,"If brid are bigger than gusp, then gusp are ","['smaller than brid', 'bigger than brid']",['smaller than brid'],False,True,False,[-1.45584059 -3.97068548],True,[-0.89764398 -4.5360918 ],True
159,159,1045288251279258534,Human-like,"If gusp are bigger than brid, then brid are ","['smaller than gusp', 'bigger than gusp']",['smaller than gusp'],True,True,False,[-1.82391286 -5.15839386],True,[-0.90151107 -4.53414822],True
160,160,-3760764422008596433,Human-like,"If jank are bigger than saft, then saft are ","['smaller than jank', 'bigger than jank']",['smaller than jank'],False,True,False,[-2.64057589 -5.52778006],True,[-0.8661595  -4.00012302],True
161,161,-4735988745704277220,Human-like,"If saft are bigger than jank, then jank are ","['smaller than saft', 'bigger than saft']",['smaller than saft'],True,True,False,[-1.69167733 -4.6239357 ],True,[-0.97605461 -4.36750555],True
162,162,-432937686334724428,Human-like,"If sapt is bigger than phrite, then phrite is ","['smaller than sapt', 'bigger than sapt']",['smaller than sapt'],True,True,False,[-1.63983238 -5.09704351],True,[-0.9899658  -4.25173283],True
163,163,5072566530959976353,Human-like,"If zint is more crandful than yob, then yob is ","['less crandful than zint', 'more crandful than zint']",['less crandful than zint'],False,True,False,[-2.09308147 -6.02703571],True,[-0.9307192  -4.44153786],True
164,164,-7002783750274051997,Human-like,"If yink are more useful than clun, then clun is ","['less useful than yink', 'more useful than yink']",['less useful than yink'],False,True,False,[-2.31385326 -4.63506603],True,[-0.87830102 -5.13952017],True
165,165,-2454451169293814112,Human-like,"If clun is more useful than yink, then yink is ","['less useful than clun', 'more useful than clun']",['less useful than clun'],True,True,False,[-2.25643587 -4.19720697],True,[-0.78136683 -5.29173708],True
166,166,-2520245142256437804,Human-like,"If vant are more beautiful than phrist, then phrist are ","['less beautiful than vant', 'more beautiful than vant']",['less beautiful than vant'],True,True,False,[-2.49589753 -4.12649536],True,[-0.81301528 -5.69765377],True
167,167,-4355610584922411022,Human-like,"If the Sahara desert is colder than dimp, then dimp is ","['hotter than the Sahara desert', 'colder than dimp']",['hotter than the Sahara desert'],False,True,False,[-3.75643969 -7.78696871],True,[-1.16754341 -3.55508399],True
168,168,-5883637983884622056,Human-like,"If zoft is worse than crand, then crand is ","['better than zoft', 'worse than zoft']",['better than zoft'],True,True,False,[-2.10258937 -4.92221832],True,[-1.10137713 -3.22849727],True
169,169,-6487436106774960559,Human-like,"If spuff is bigger than the yact, then yact is ","['smaller than the spuff', 'bigger than spuff']",['smaller than the spuff'],True,True,False,[-2.32128859 -5.25267172],True,[-1.02264881 -4.29358864],True
170,170,-3226876310209217044,Human-like,"If mag is colder than yoct, then yoct is ","['hotter than mag', 'colder than mag']",['hotter than mag'],False,True,False,[-2.80104566 -4.54185152],True,[-1.05087411 -3.05129933],True
171,171,-5474677053515532782,Human-like,"If criff is brighter than hamp, then hamp is ","['darker than criff', 'brighter than criff']",['darker than criff'],False,True,False,[-2.87865424 -5.2686739 ],True,[-0.80297732 -4.18961859],True
172,172,-6970375157378806101,Human-like,"If hamp is brighter than criff, then criff is ","['darker than hamp', 'brighter than hamp']",['darker than hamp'],True,True,False,[-2.85520124 -5.44034481],True,[-0.84553993 -4.10089684],True
173,173,-2697475412904346405,Human-like,"If vept is bigger than gluff, then gluff is ","['smaller than vept', 'bigger than vept']",['smaller than vept'],False,True,False,[-1.87358499 -4.9695282 ],True,[-0.93608898 -3.82050991],True
174,174,4140979045654885568,Human-like,"If gluff is bigger than vept, then vept is ","['smaller than gluff', 'bigger than gluff']",['smaller than gluff'],True,True,False,[-1.94973898 -4.65761089],True,[-0.87803149 -4.00869656],True
175,175,-8271539541068151332,Human-like,"If sland are uglier than traft, then butterblen are ","['prettier than sland', 'uglier than sland']",['prettier than sland'],True,True,False,[-4.27269888 -3.0271492 ],False,[-2.26534438 -1.77729273],False
176,176,-8334056675379937829,Human-like,"If butterblen are prettier than sland, then sland are ","['uglier than traft', 'prettier than traft']",['uglier than traft'],True,True,False,[-18.37405586 -16.08532333],False,[-1.62879598 -2.50528073],True
177,177,730760904903887852,Human-like,"If brid are taller than plusk, then plusk are ","['shorter than brid', 'taller than brid']",['shorter than brid'],True,True,False,[-1.9955982  -4.28268719],True,[-0.84347224 -4.85616064],True
178,178,-540517858567699392,Human-like,"If frun is hotter than blop, then blop is ","['colder than frun', 'hotter than frun']",['colder than frun'],False,True,False,[-3.18010855 -5.94043589],True,[-0.93836343 -3.44681311],True
179,179,-2793261240142245139,Human-like,"If hap are bigger than thrund, then thrund are ","['smaller than hap', 'bigger than hap']",['smaller than hap'],True,True,False,[-2.13696098 -4.48693848],True,[-0.9931767  -4.50739098],True
180,180,6202464604681609499,Human-like,"If ved are less scary than trunt, then trunt are ","['less scary than ved', 'less scary than ved']",['less scary than ved'],False,True,False,[-5.37500668 -5.37500668],True,[-1.39862728 -1.39862728],True
181,181,7793231174691561385,Human-like,"If yoct is hotter than mag, then mag is ","['colder than yoct', 'hotter than yoct']",['colder than yoct'],False,True,False,[-2.53242636 -4.92739058],True,[-1.12193215 -2.62871456],True
182,182,-2841423485000984303,Human-like,"If jict is less sweet than phropt, then phropt is ","['sweeter than jict', 'less sweet than jict']",['sweeter than jict'],False,True,False,[-3.78772259 -5.12212753],True,[-1.06011832 -5.68883705],True
183,183,-3990928120554244019,Human-like,"If phropt is less sweet than jict, then jict is ","['sweeter than phropt', 'less sweet than phropt']",['sweeter than phropt'],True,True,False,[-3.43987751 -4.52476072],True,[-1.06438506 -5.95512486],True
184,184,640245666763811854,Human-like,"If jict is sweeter than phropt, then phropt is ","['less sweet than jict', 'sweeter than jict']",['less sweet than jict'],True,True,False,[-4.37365532 -5.52265549],True,[-0.89761579 -4.90186119],True
185,185,-7798733081264044160,Human-like,"If blop is more drast than wet, then blop is ","['less wet than drast', 'more wet than drast']",['less wet than drast'],False,True,False,[-6.45236301 -5.60604286],False,[-2.17631435 -1.55493701],False
186,186,8901684959184144886,Human-like,"If drast is less wet than blop, then blop is ","['more wet than drast', 'less wet than drast']",['more wet than drast'],True,True,False,[-4.15535927 -4.83116579],True,[-1.06670141 -5.44774675],True
187,187,-4477803286042926232,Human-like,"If blop is more wet than drast, then drast is ","['less wet than blop', 'more drast than wet']",['less wet than blop'],True,True,False,[ -3.39272881 -11.22957325],True,[-0.92708963 -5.94243526],True
188,188,-6726451756792460528,Human-like,"If frun is more hot than beb, then beb is ","['less hot than frun', 'more hot than frun']",['less hot than frun'],False,True,False,[-3.33354402 -5.19780302],True,[-0.93368924 -4.19048309],True
189,189,-8372853922363515289,Human-like,"If clun is softer than yab, then yab is ","['harder than clun', 'softer than clun']",['harder than clun'],True,True,False,[-3.155056   -4.73700047],True,[-0.91598082 -4.4194808 ],True
190,190,5791010131131454883,Human-like,"If vant are more beautiful than sask, then sask are ","['less beautiful than vant', 'more beautiful than vant']",['less beautiful than vant'],True,True,False,[-2.42372274 -4.28736973],True,[-0.81368262 -5.19647169],True
191,191,-4977823609236161685,Human-like,"If trunt are slimier than ved, then ved are ","['drier than trunt', 'slimier than trunt']",['drier than trunt'],False,True,False,[-7.48836279 -5.77370119],False,[-0.97726434 -6.23267412],True
192,192,-5318299310577333960,Human-like,"If ved are drier than trunt, then trunt are ","['slimier than ved', 'drier than ved']",['slimier than ved'],False,True,False,[-13.48938751  -5.66641855],False,[-2.02888727 -2.90499449],True
193,193,3955164202284894551,Human-like,"If trunt are drier than ved, then ved are ","['slimier than trunt', 'drier than trunt']",['slimier than trunt'],True,True,False,[-12.95278168  -6.41152668],False,[-2.0395968  -2.91875958],True
194,194,-7361893098231296651,Human-like,"If lupt is louder than flump, then flump is ","['quieter than lupt', 'louder than lupt']",['quieter than lupt'],True,True,False,[-2.54951382 -5.9008894 ],True,[-1.43949199 -3.45620036],True
195,195,2618664806437686824,Human-like,"If bript are slower than shrad, then shrad are ","['faster than bript', 'slower than bript']",['faster than bript'],False,True,False,[-2.56671023 -5.24563217],True,[-1.05730855 -4.43571806],True
196,196,-2735238257109133613,Human-like,"If shrad are slower than bript, then bript are ","['faster than shrad', 'slower than shrad']",['faster than shrad'],True,True,False,[-2.4207139  -4.62208891],True,[-1.07890475 -4.33384275],True
197,197,-7789146051346368738,Human-like,"If zoct are less fluffy than yink, then yink are ","['fluffier than zoct', 'less fluffy than zoct']",['fluffier than zoct'],True,True,False,[-3.98483586 -4.64911938],True,[-1.14008653 -4.04259443],True
198,198,3650345013135205867,Human-like,"If vant are less hairy than jiss, then jiss are ","['more hairy than vant', 'less hairy than vant']",['more hairy than vant'],True,True,False,[-3.24928141 -4.94108248],True,[-1.07315159 -4.95166636],True
199,199,2584035646986143386,Human-like,"If frupt are smaller than bript, then bript are ","['bigger than frupt', 'smaller than frupt']",['bigger than frupt'],True,True,False,[-2.97135067 -4.72991848],True,[-0.87199628 -5.25375605],True
200,200,-3256869816614821932,Human-like,"If glat are less sweet than chand, then chand are ","['more sweet than glat', 'less sweet than glat']",['more sweet than glat'],False,True,False,[-4.92879581 -4.80031252],False,[-1.07555556 -4.84034824],True
201,201,5631081164792010835,Human-like,"If chand are less sweet than glat, then glat are ","['more sweet than chand', 'less sweet than chand']",['more sweet than chand'],True,True,False,[-4.65563154 -4.95941257],True,[-1.11329556 -4.74138021],True
202,202,-6432245413957928946,Human-like,"If smed are taller than dring, then dring are ","['shorter than smed', 'taller than smed']",['shorter than smed'],False,True,False,[-3.06757092 -5.60761023],True,[-0.90398878 -5.2911396 ],True
203,203,7772345266038515008,Human-like,"If smed are shorter than dring, then dring are ","['taller than smed', 'shorter than smed']",['taller than smed'],True,True,False,[-3.90924168 -5.5112896 ],True,[-1.01417255 -4.27136993],True
204,204,2070646610001626822,Human-like,"If pron is slower than gand, then gand is ","['faster than pron', 'slower than pron']",['faster than pron'],True,True,False,[-2.22500825 -5.11575842],True,[-1.14336562 -4.39527273],True
205,205,-2568735503830117925,Human-like,"If gand is faster than pron, then pron is ","['slower than gand', 'faster than gand']",['slower than gand'],True,True,False,[-1.72462821 -5.04745054],True,[-0.77484047 -4.66162539],True
206,206,-1598994487299736934,Human-like,"If gand is less fun than pron, then pron is ","['more fun than gand', 'less fun than gand']",['more fun than gand'],False,True,False,[-2.50219917 -5.04205322],True,[-1.07569504 -4.57918262],True
207,207,-2662936027622292574,Human-like,"If nost can jump farther than frupt, then frupt can ","['jump less far than nost', 'jump farther than nost']",['jump less far than nost'],True,True,False,[-5.03771162 -2.65667915],False,[-1.05508864 -5.07651234],True
208,208,-3182201467015631476,Human-like,"If trag can fly slower than pand, then pand can ","['fly faster than trag', 'fly slower than trag']",['fly faster than trag'],True,True,False,[-1.72249997 -4.68774271],True,[-1.27901447 -3.16024303],True
209,209,321330892262338948,Human-like,"If dact are less scary than sclack, then sclack are ","['more scary than dact', 'less scary than dact']",['more scary than dact'],False,True,False,[-4.00153542 -6.00739956],True,[-0.98341811 -5.11203766],True
210,210,-6074760684125148582,Human-like,"If chask are faster than snaff, then snaff are ","['slower than chask', 'faster than chask']",['slower than chask'],True,True,False,[-1.86940527 -6.86645603],True,[-0.7422204  -4.51019382],True
211,211,-2718936478996441987,Human-like,"If mfrun can run faster than cim, then cim can ","['run slower than besp', 'run faster than besp']",['run slower than besp'],False,True,False,[-21.39784622 -17.60273361],False,[-1.304479   -3.06133413],True
212,212,-3316047072561496598,Human-like,"If mfrun can run slower than cim, then cim can ","['run faster than besp', 'run slower than besp']",['run faster than besp'],True,True,False,[-16.78231239 -15.89305687],False,[-1.47424722 -2.3484726 ],True
213,213,-2587896633832196681,Human-like,"If bript are less loyal than fuft, then fuft are ","['more loyal than bript', 'less loyal than bript']",['more loyal than bript'],False,True,False,[-3.12780356 -5.87190533],True,[-0.97508931 -4.73178673],True
214,214,-8811993465876777171,Human-like,"If pand are less dangerous than sleck, then sleck are ","['more dangerous than pand', 'less dangerous than pand']",['more dangerous than pand'],True,True,False,[-3.10257483 -5.45048141],True,[-1.1652317  -5.29415655],True
215,215,-3347049773381450843,Human-like,"If jang are stronger than sland, then sland are ","['weaker than jang', 'stronger than jang']",['weaker than jang'],False,True,False,[-2.76586223 -4.84172964],True,[-0.9655953  -3.60022879],True
216,216,-97169141306430071,Human-like,"If sland are weaker than jang, then jang are ","['stronger than sland', 'weaker than sland']",['stronger than sland'],False,True,False,[-2.61192298 -5.79444647],True,[-0.98331791 -4.98854446],True
217,217,-8296924805477715179,Human-like,"If sland are stronger than jang, then jang are ","['weaker than sland', 'stronger than sland']",['weaker than sland'],True,True,False,[-2.68479538 -4.98901892],True,[-1.00494325 -4.38636589],True
218,218,-3195109721311081809,Human-like,"If fuft are less beautiful than traft, then butterblen are ","['more beautiful than fuft', 'less beautiful than fuft']",['more beautiful than fuft'],True,True,False,[-3.35132933 -5.46017551],True,[-1.31673229 -3.12104964],True
219,219,-2426977797363672547,Human-like,"If bript are weaker than frupt, then frupt are ","['stronger than bript', 'weaker than bript']",['stronger than bript'],False,True,False,[-2.67616892 -5.51162148],True,[-0.96381646 -5.59336424],True
220,220,-4852879655209620010,Human-like,"If frupt are weaker than bript, then bript are ","['stronger than frupt', 'weaker than frupt']",['stronger than frupt'],True,True,False,[-2.46566772 -5.04864645],True,[-0.97182506 -5.47715855],True
221,221,4063068020568552769,Human-like,"If bript are stronger than frupt, then frupt are ","['weaker than bript', 'stronger than bript']",['weaker than bript'],True,True,False,[-2.58217072 -4.76892519],True,[-0.8653121 -4.0002532],True
222,222,-6143027021935886637,Human-like,"If fisk are stronger than jisk, then jisk are ","['weaker than fisk', 'stronger than fisk']",['weaker than fisk'],True,True,False,[-2.21131253 -4.05364227],True,[-0.93429971 -4.31614542],True
223,223,3524832123112298098,Human-like,"If yasp is colder than yot, then yot is ","['hotter than yasp', 'colder than yasp']",['hotter than yasp'],True,True,False,[-3.00430584 -5.29943991],True,[-1.02170324 -3.65055704],True
224,224,-9214270997587760278,Human-like,"If bisk is more expensive than splink, then splink is ","['less expensive than bisk', 'more expensive than bisk']",['less expensive than bisk'],False,True,False,[-2.69103241 -5.79575157],True,[-0.89734989 -5.30336714],True
225,225,-1016822245761151532,Human-like,"If bem are worse than threck, then threck are ","['better than bem', 'worse than bem']",['better than bem'],False,True,False,[-2.82358789 -5.32504082],True,[-1.30506623 -3.18230009],True
226,226,-3970720852244948480,Human-like,"If thrump are slower than om, then om are ","['faster than thrump', 'slower than thrump']",['faster than thrump'],True,True,False,[-2.56210971 -5.29391527],True,[-1.16831791 -3.92420793],True
227,227,1120978695888001703,Human-like,"If zoct is wetter than flump, then flump is ","['drier than zoct', 'wetter than zoct']",['drier than zoct'],False,True,False,[-3.0022099  -6.04055595],True,[-0.92759657 -2.68930173],True
228,228,7793231174691561385,Human-like,"If yoct is hotter than mag, then mag is ","['colder than yoct', 'hotter than yoct']",['colder than yoct'],False,True,False,[-2.53242636 -4.92739058],True,[-1.12193215 -2.62871456],True
229,229,-111846157513329737,Human-like,"If mag is hotter than yoct, then yoct is ","['colder than mag', 'hotter than mag']",['colder than mag'],True,True,False,[-2.50401211 -5.13010979],True,[-1.01450717 -2.77152848],True
230,230,4437262377278593238,Human-like,"If stope is bigger than thrun, then thrun is ","['smaller than stope', 'bigger than stope']",['smaller than stope'],True,True,False,[-1.94845569 -5.52847719],True,[-0.92894959 -4.19394398],True
231,231,1340821796916393924,Human-like,"If phrite is colder than sclace, then sclace is ","['hotter than phrite', 'colder than phrite']",['hotter than phrite'],True,True,False,[-3.36827993 -4.76274395],True,[-1.0561024 -3.3077786],True
232,232,3587150703088791628,Human-like,"If phrite is brighter than sclace, then sclace is ","['dimmer than phrite', 'brighter than phrite']",['dimmer than phrite'],False,True,False,[-3.40121174 -5.83289242],True,[-0.91747314 -4.81627655],True
233,233,-5435048449970267672,Human-like,"If sclace is brighter than phrite, then phrite is ","['dimmer than sclace', 'brighter than sclace']",['dimmer than sclace'],True,True,False,[-3.45708585 -5.6672039 ],True,[-0.92958701 -4.82865143],True
234,0,353773572297464588,None,"If birds have more legs than octopuses, then octopuses have ","['fewer legs than birds', 'more legs than birds']",['fewer legs than birds'],False,False,True,[-1.60260808 -2.9886837 ],True,[-0.88206547 -4.95142126],True
235,1,4556910622852732112,None,"If birds have fewer legs than octopuses, then octopuses have ","['more legs than birds', 'fewer legs than birds']",['more legs than birds'],True,False,True,[-0.63998002 -3.72503281],True,[-1.00174809 -4.17145157],True
236,2,-740004897056781240,None,"If nests are bigger than igloos, then igloos are ","['smaller than nests', 'bigger than nests']",['smaller than nests'],False,False,True,[-0.82978743 -3.32963037],True,[-0.82191628 -5.60727501],True
237,3,8089988138108333280,None,"If nests are smaller than igloos, then igloos are ","['bigger than nests', 'smaller than nests']",['bigger than nests'],True,False,True,[-1.42450511 -3.43370724],True,[-0.79681998 -5.30598736],True
238,4,-5787885742244536104,None,"If molehills are bigger than mountains, then mountains are ","['smaller than molehills', 'bigger than molehills']",['smaller than molehills'],False,False,True,[-0.7116912  -2.76138592],True,[-0.91426164 -4.55861378],True
239,5,-5980943527471895486,None,"If molehills are smaller than mountains, then mountains are ","['bigger than molehills', 'smaller than molehills']",['bigger than molehills'],True,False,True,[-1.38108587 -4.18604183],True,[-0.80430925 -6.34309101],True
240,6,-6396918932069099436,None,"If trees are bigger than buildings, then buildings are ","['smaller than trees', 'bigger than trees']",['smaller than trees'],False,False,True,[-0.52155584 -4.48110771],True,[-0.53111154 -5.09006977],True
241,7,-6161920471928851323,None,"If trees are smaller than buildings, then buildings are ","['bigger than trees', 'smaller than trees']",['bigger than trees'],True,False,True,[-1.42768443 -4.65270042],True,[-0.5416739  -5.33723402],True
242,8,7392249386315407881,None,"If puddles are bigger than seas, then seas are ","['smaller than puddles', 'bigger than puddles']",['smaller than puddles'],False,False,True,[-1.33616817 -2.47716594],True,[-0.92014879 -3.80951667],True
243,9,-3300795068087188707,None,"If puddles are smaller than seas, then seas are ","['bigger than puddles', 'smaller than puddles']",['bigger than puddles'],True,False,True,[-1.47234976 -5.31113195],True,[-0.67575407 -5.48581743],True
244,10,-5927414163476502549,None,"If the moon is bigger than the earth, then the earth is ","['smaller than the moon', 'bigger than the moon']",['smaller than the moon'],False,False,True,[-2.16861129 -2.6043942 ],True,[-0.87825823 -4.76796484],True
245,11,5887492130568330782,None,"If the moon is smaller than the earth, then the earth is ","['bigger than the moon', 'smaller than the moon']",['bigger than the moon'],True,False,True,[-1.53994668 -4.34432745],True,[-0.79578465 -5.9797883 ],True
246,12,-6701910865063480594,None,"If a nightmare is more peaceful than a dream, then a dream is ","['less peaceful than a nightmare', 'more peaceful than a nightmare']",['less peaceful than a nightmare'],False,False,True,[-4.03701496 -3.16869736],False,[-1.48696816 -4.08181334],True
247,13,7446952098048495769,None,"If a nightmare is less peaceful than a dream, then a dream is ","['more peaceful than a nightmare', 'less peaceful than a nightmare']",['more peaceful than a nightmare'],True,False,True,[-0.8743971  -4.99818754],True,[-1.59825408 -4.1764102 ],True
248,14,-6202768054935170214,None,"If clouds are more useful than paper, then paper is ","['less useful than clouds', 'more useful than clouds']",['less useful than clouds'],False,False,True,[-2.25286913 -2.86187887],True,[-0.92325062 -6.64829731],True
249,15,-4402034151617450847,None,"If clouds is less useful than paper, then paper is ","['more useful than clouds', 'less useful than clouds']",['more useful than clouds'],True,False,True,[-1.50246239 -4.40003109],True,[-1.21222067 -3.47227263],True
250,16,1935483848020180557,None,"If fire is more wet than rain, then rain is ","['less wet than fire', 'more wet than fire']",['less wet than fire'],False,False,True,[-2.28965569 -3.39826035],True,[-1.17111182 -2.42364192],True
251,17,4087225834866934120,None,"If fire is less wet than rain, then rain is ","['more wet than fire', 'less wet than fire']",['more wet than fire'],True,False,True,[-1.655707   -3.57113051],True,[-1.24883664 -2.75050569],True
252,18,-2595073126183598501,None,"If weeds are more beautiful than roses, then roses are ","['less beautiful than weeds', 'more beautiful than weeds']",['less beautiful than weeds'],False,False,True,[-1.76182628 -1.92190325],True,[-1.00343227 -5.79280043],True
253,19,2238435225246541453,None,"If weeds are less beautiful than roses, then roses are ","['more beautiful than weeds', 'less beautiful than weeds']",['more beautiful than weeds'],True,False,True,[-0.37105152 -4.14182949],True,[-1.14113009 -4.76013899],True
254,20,-906958090463061792,None,"If the Arctic is hotter than the Sahara desert, then the Sahara desert is ","['colder than the Arctic', 'hotter than the Arctic']",['colder than the Arctic'],False,False,True,[-1.31066334 -3.23780251],True,[-1.20362306 -3.71197343],True
255,21,-7351310407398577285,None,"If the Sahara desert is colder than the Arctic, then the Sahara desert is ","['hotter than the Arctic', 'colder than the Arctic']",['hotter than the Arctic'],True,False,True,[-3.76870871 -1.51748824],False,[-2.31773114 -1.41748726],False
256,22,-9019237303679589020,None,"If war is better than peace, then peace is ","['worse than war', 'better than war']",['worse than war'],False,False,True,[-1.02618349 -1.62899137],True,[-0.98075062 -5.25137091],True
257,23,641466891538537911,None,"If war is worse than peace, then peace is ","['better than war', 'worse than war']",['better than war'],True,False,True,[-0.42646846 -3.65336609],True,[-1.13792801 -4.79447269],True
258,24,1263091886492330912,None,"If the Earth is bigger than Jupiter, then Jupiter is ","['smaller than the Earth', 'bigger than the Earth']",['smaller than the Earth'],False,False,True,[-1.35205674 -2.76687837],True,[-0.91526961 -5.67203617],True
259,25,-3096750830088355151,None,"If Earth is smaller than the Jupiter, then Jupiter is ","['bigger than the Earth', 'smaller than the Earth']",['bigger than the Earth'],True,False,True,[-2.24362493 -6.14476156],True,[-1.30089831 -5.5649581 ],True
260,26,-6027038608312630253,None,"If summer is colder than winter, then winter is ","['hotter than summer', 'colder than summer']",['hotter than summer'],False,False,True,[-1.46991372 -2.9487412 ],True,[-1.22884154 -3.48217559],True
261,27,-4016624133278071867,None,"If summer is hotter than winter, then winter is ","['colder than summer', 'hotter than summer']",['colder than summer'],True,False,True,[-0.83702922 -5.54188967],True,[-1.03674877 -5.34551096],True
262,28,-5649846735604791098,None,"If lakes are bigger than oceans, then oceans are ","['smaller than lakes', 'bigger than lakes']",['smaller than lakes'],False,False,True,[-1.31111157 -1.90118527],True,[-0.81154364 -4.83419275],True
263,29,2693954123957747559,None,"If lakes are smaller than oceans, then oceans are ","['bigger than lakes', 'smaller than lakes']",['bigger than lakes'],True,False,True,[-1.82062292 -4.19664049],True,[-0.90056211 -5.80567694],True
264,30,-5839232697906939787,None,"If darkness is brighter than light, then light is ","['darker than darkness', 'brighter than darkness']",['darker than darkness'],False,False,True,[-1.08389151 -2.11111856],True,[-1.12427473 -3.75167513],True
265,31,-4149835315430007994,None,"If darkness is darker than light, then light is ","['brighter than darkness', 'darker than darkness']",['brighter than darkness'],True,False,True,[-1.86819887 -3.47041345],True,[-1.22587419 -4.53812313],True
266,32,-308199501963705876,None,"If Japan is bigger than America, then America is ","['smaller than Japan', 'bigger than Japan']",['smaller than Japan'],False,False,True,[-1.11084807 -2.7028141 ],True,[-0.80033231 -4.83382988],True
267,33,5443249373229609198,None,"If Japan is smaller than America, then America is ","['bigger than Japan', 'smaller than Japan']",['bigger than Japan'],True,False,True,[-1.14206827 -4.78118992],True,[-0.95134538 -5.3132081 ],True
268,34,7083483013736700465,None,"If ants are prettier than butterflies, then butterflies are ","['uglier than ants', 'prettier than ants']",['uglier than ants'],False,False,True,[-1.66480684 -3.765697  ],True,[-0.72066325 -3.36489058],True
269,35,3138367768686163428,None,"If ants are uglier than butterflies, then butterflies are ","['prettier than ants', 'uglier than ants']",['prettier than ants'],True,False,True,[-1.10618281 -3.70287848],True,[-0.87986672 -2.77713537],True
270,36,-6470664818760543412,None,"If rain is colder than snow, then snow is ","['hotter than rain', 'colder than rain']",['hotter than rain'],False,False,True,[-1.90188384 -3.5729413 ],True,[-1.95654535 -1.82865977],False
271,37,-2554502362075861647,None,"If rain is hotter than snow, then snow is ","['colder than rain', 'hotter than rain']",['colder than rain'],True,False,True,[-0.83340377 -5.3934288 ],True,[-0.88429743 -4.94581985],True
272,38,-6833689532122239617,None,"If shrubs are taller than trees, then trees are ","['shorter than shrubs', 'taller than shrubs']",['shorter than shrubs'],False,False,True,[-1.34843981 -3.9858923 ],True,[-1.0270946  -5.33389807],True
273,39,1438293165302359880,None,"If shrubs are shorter than trees, then trees are ","['taller than shrubs', 'shorter than shrubs']",['taller than shrubs'],True,False,True,[-0.92532635 -4.67545843],True,[-1.01896894 -6.19145918],True
274,40,3852063665562164200,None,"If water is colder than ice, then ice is ","['hotter than water', 'colder than water']",['hotter than water'],False,False,True,[-1.76034427 -3.82475853],True,[-2.13996553 -1.8743732 ],False
275,41,-6721261362112549944,None,"If water is hotter than ice, then ice is ","['colder than water', 'hotter than water']",['colder than water'],True,False,True,[-0.83472395 -4.94582129],True,[-1.08930004 -5.31284666],True
276,42,-8212542471904829904,None,"If hills are higher than mountains, then mountains are ","['shorter than hills', 'higher than hills']",['shorter than hills'],False,False,True,[-5.04665422 -2.07427239],False,[-0.98066574 -2.61485243],True
277,43,-6191369592476343321,None,"If hills are shorter than mountains, then mountains are ","['higher than hills', 'shorter than hills']",['higher than hills'],True,False,True,[-3.16944766 -4.55195332],True,[-0.71156704 -4.89965534],True
278,44,1835079163446477472,None,"If children are bigger than adults, then adults are ","['smaller than children', 'bigger than children']",['smaller than children'],False,False,True,[-0.83641136 -2.73999882],True,[-0.8294816  -5.01248884],True
279,45,-7972743269194599296,None,"If children are smaller than adults, then adults are ","['bigger than children', 'smaller than children']",['bigger than children'],True,False,True,[-1.43177533 -4.53448582],True,[-0.77385062 -6.35476017],True
280,46,-809109503967777128,None,"If snakes are less scary than lizards, then lizards are ","['less scary than snakes', 'less scary than snakes']",['less scary than snakes'],False,False,True,[-3.02645445 -3.02645445],True,[-1.83270252 -1.83270252],True
281,47,-809109503967777128,None,"If snakes are less scary than lizards, then lizards are ","['less scary than snakes', 'less scary than snakes']",['less scary than snakes'],True,False,True,[-3.02645445 -3.02645445],True,[-1.83270252 -1.83270252],True
282,48,8573774736638981572,None,"If turtles are faster than wolves, then wolves are ","['slower than turtles', 'faster than turtles']",['slower than turtles'],False,False,True,[-1.26367915 -3.01200962],True,[-0.78441244 -5.21060371],True
283,49,7120674138915473687,None,"If turtles are slower than wolves, then wolves are ","['faster than turtles', 'slower than turtles']",['faster than turtles'],True,False,True,[-0.51385069 -4.91782856],True,[-0.78816557 -5.8187871 ],True
284,50,-1845346098479525325,None,"If winter is hotter than summer, then summer is ","['colder than winter', 'hotter than winter']",['colder than winter'],False,False,True,[-1.00189888 -3.68637991],True,[-0.95116937 -4.38749552],True
285,51,7531659882959321556,None,"If winter is colder than summer, then summer is ","['hotter than winter', 'colder than winter']",['hotter than winter'],True,False,True,[-1.5823313 -4.6157155],True,[-0.9422332  -5.91244698],True
286,52,2462379629116637564,None,"If leaves are heavier than books, then books are ","['lighter than leaves', 'heavier than leaves']",['lighter than leaves'],False,False,True,[-0.87349403 -6.37773657],True,[-0.75972366 -4.44282389],True
287,53,-8483375550141420446,None,"If leaves are lighter than books, then books are ","['heavier than leaves', 'lighter than leaves']",['heavier than leaves'],True,False,True,[-0.68381184 -4.71381474],True,[-0.77381492 -7.01745319],True
288,54,8830430510356611025,None,"If broccoli is sweeter than candy, then candy is ","['less sweet than broccoli', 'sweeter than broccoli']",['less sweet than broccoli'],False,False,True,[-1.82053924 -3.47975945],True,[-0.75577307 -3.91819024],True
289,55,-4745115924433912458,None,"If broccoli is less sweet than candy, then candy is ","['sweeter than broccoli', 'less sweet than broccoli']",['sweeter than broccoli'],True,False,True,[-0.92512518 -3.87016869],True,[-1.13493299 -4.8208518 ],True
290,56,5779881308334683209,None,"If trees are taller than skyscrapers, then skyscrapers are ","['shorter than trees', 'taller than trees']",['shorter than trees'],False,False,True,[-1.00767899 -2.64983702],True,[-0.85432082 -5.80541325],True
291,57,-3517692489633643134,None,"If trees are shorter than skyscrapers, then skyscrapers are ","['taller than trees', 'shorter than trees']",['taller than trees'],True,False,True,[-0.64641649 -4.8268528 ],True,[-0.95839572 -5.39927912],True
292,58,-128248488312184144,None,"If water is more dry than wet, then water is ","['less wet than dry', 'more wet than dry']",['less wet than dry'],False,False,True,[-4.13788748 -2.3098557 ],False,[-1.90308666 -1.69179404],False
293,59,-582045587618788193,None,"If dry is less wet than water, then water is ","['more wet than dry', 'less wet than dry']",['more wet than dry'],True,False,True,[-1.91199696 -3.9482193 ],True,[-1.04943335 -3.69199967],True
294,60,-7099903103059874015,None,"If ice is more hot than fire, then fire is ","['less hot than ice', 'more hot than ice']",['less hot than ice'],False,False,True,[-2.68591189 -4.19270515],True,[-1.08790994 -2.73906016],True
295,61,4108633914967051091,None,"If ice is less hot than fire, then fire is ","['more hot than ice', 'less hot than ice']",['more hot than ice'],True,False,True,[-1.64743888 -5.11943102],True,[-1.21275151 -3.14105225],True
296,62,-1776350586914772659,None,"If paper is harder than wood, then wood is ","['softer than paper', 'harder than paper']",['softer than paper'],False,False,True,[-0.60742211 -6.14586926],True,[-0.9169358  -4.86484623],True
297,63,8332264589054151229,None,"If paper is softer than wood, then wood is ","['harder than paper', 'softer than paper']",['harder than paper'],True,False,True,[-1.02579618 -5.51939964],True,[-0.83324212 -5.52527714],True
298,64,6287239990248545280,None,"If daisies are more beautiful than roses, then roses are ","['less beautiful than daisies', 'more beautiful than daisies']",['less beautiful than daisies'],False,False,True,[-1.03197396 -2.3433044 ],True,[-0.82809013 -6.08565617],True
299,65,-5428066310799666873,None,"If daisies are less beautiful than roses, then roses are ","['more beautiful than daisies', 'less beautiful than daisies']",['more beautiful than daisies'],True,False,True,[-0.29776931 -4.31673431],True,[-1.10450482 -4.65290928],True
300,66,956642921111157991,None,"If snakes are slimier than lizards, then lizards are ","['drier than snakes', 'slimier than snakes']",['drier than snakes'],False,False,True,[-3.46498394 -4.00666809],True,[-0.91864353 -7.55017853],True
301,67,-3295567600962504739,None,"If snakes are drier than lizards, then lizards are ","['slimier than snakes', 'drier than snakes']",['slimier than snakes'],True,False,True,[-6.82104397 -6.82525778],True,[-2.63748884 -2.26354957],False
302,68,-4323148829744575804,None,"If rain is louder than thunder, then thunder is ","['quieter than rain', 'louder than rain']",['quieter than rain'],False,False,True,[-2.05335188 -3.33544087],True,[-1.47886562 -5.07680464],True
303,69,-6460876195130366937,None,"If rain is quieter than thunder, then thunder is ","['louder than rain', 'quieter than rain']",['louder than rain'],True,False,True,[-0.47250277 -5.78676414],True,[-1.22978258 -6.50525665],True
304,70,2692349286841468603,None,"If librarians are funnier than clowns, then clowns are ","['less funny than librarians', 'funnier than librarians']",['less funny than librarians'],False,False,True,[-1.92200863 -2.79198885],True,[-1.01414788 -4.4701972 ],True
305,71,-2352716056817615860,None,"If librarians are less funny than clowns, then clowns are ","['funnier than librarians', 'less funny than librarians']",['funnier than librarians'],True,False,True,[-1.22224712 -3.88472605],True,[-1.52886891 -4.84851646],True
306,72,7191114153803895042,None,"If dogs are slower than hens, then hens are ","['faster than dogs', 'slower than dogs']",['faster than dogs'],False,False,True,[-0.54234433 -4.70745754],True,[-1.20970976 -4.84324789],True
307,73,-842568114272974300,None,"If dogs are faster than hens, then hens are ","['slower than dogs', 'faster than dogs']",['slower than dogs'],True,False,True,[-0.59840983 -4.61407804],True,[-0.96487319 -5.42680931],True
308,74,-1518451771095184170,None,"If cars are cuter than dogs, then dogs are ","['less cute than cars', 'cuter than cars']",['less cute than cars'],False,False,True,[-3.18033791 -2.66573477],False,[-0.78276515 -4.91356134],True
309,75,-8406027912489967336,None,"If cars are less cute than dogs, then dogs are ","['cuter than cars', 'less cute than cars']",['cuter than cars'],True,False,True,[-1.29942226 -4.65517998],True,[-0.91841674 -4.01706934],True
310,76,-5610672808844763765,None,"If snow is fluffier than clouds, then clouds are ","['less fluffy than snow', 'fluffier than snow']",['less fluffy than snow'],False,False,True,[-2.48464179 -3.68070984],True,[-1.07801485 -4.97362375],True
311,77,6848649372795317416,None,"If snow are less fluffy than clouds, then clouds are ","['fluffier than snow', 'less fluffy than snow']",['fluffier than snow'],True,False,True,[-1.6936239  -5.13771296],True,[-1.3588202  -3.25284934],True
312,78,7432079362499549751,None,"If roses are more hairy than spiders, then spiders are ","['less hairy than roses', 'more hairy than roses']",['less hairy than roses'],False,False,True,[-1.1918292 -3.3963995],True,[-0.94224465 -4.2131505 ],True
313,79,-18196839459812143,None,"If roses are less hairy than spiders, then spiders are ","['more hairy than roses', 'less hairy than roses']",['more hairy than roses'],True,False,True,[-1.44177818 -4.28117609],True,[-1.00664437 -4.14400625],True
314,80,3280345861631980905,None,"If roses are bigger than apples, then apples are ","['smaller than roses', 'bigger than roses']",['smaller than roses'],False,False,True,[-0.82570487 -3.23144722],True,[-0.72615129 -5.92731714],True
315,81,319768797909182233,None,"If roses are smaller than apples, then apples are ","['bigger than roses', 'smaller than roses']",['bigger than roses'],True,False,True,[-1.07400525 -4.05244255],True,[-0.7652691  -5.20467949],True
316,82,764481124054535208,None,"If dogs are smaller than cats, then cats are ","['bigger than dogs', 'smaller than dogs']",['bigger than dogs'],False,False,True,[-1.13835001 -4.25436306],True,[-0.82892221 -5.6445756 ],True
317,83,-7903782303914014183,None,"If dogs are bigger than cats, then cats are ","['smaller than dogs', 'bigger than dogs']",['smaller than dogs'],True,False,True,[-0.41794065 -4.99019241],True,[-0.75085366 -6.07392931],True
318,84,8935089261010854539,None,"If squares are rounder than balls, then balls are ","['less round than squares', 'rounder than squares']",['less round than squares'],False,False,True,[-3.92107296 -3.40935373],False,[-0.75264865 -3.00677872],True
319,85,418410672721858962,None,"If squares are less round than balls, then balls are ","['rounder than squares', 'less round than squares']",['rounder than squares'],True,False,True,[-2.07449341 -5.3539896 ],True,[-1.06445312 -4.60323381],True
320,86,-3475973660871231033,None,"If oranges are more sweet than grapes, then grapes are ","['less sweet than oranges', 'more sweet than oranges']",['less sweet than oranges'],False,False,True,[-0.98348916 -4.54044247],True,[-0.88849646 -4.4782095 ],True
321,87,3043557737824961705,None,"If oranges are less sweet than grapes, then grapes are ","['more sweet than oranges', 'less sweet than oranges']",['more sweet than oranges'],True,False,True,[-2.86053634 -4.50516796],True,[-0.9629612  -3.72557306],True
322,88,-3303763688219388091,None,"If shoes are taller than chairs, then chairs are ","['shorter than shoes', 'taller than shoes']",['shorter than shoes'],False,False,True,[-1.71487319 -4.57840061],True,[-0.62446225 -5.1570034 ],True
323,89,3380124850463601628,None,"If shoes are shorter than chairs, then chairs are ","['taller than shoes', 'shorter than shoes']",['taller than shoes'],True,False,True,[-1.39513361 -4.56035042],True,[-0.8169347  -4.38740253],True
324,90,-6435009023709473568,None,"If walking is faster than running, then running is ","['slower than walking', 'faster than walking']",['slower than walking'],False,False,True,[-0.76133454 -2.6811893 ],True,[-0.55845565 -4.45692921],True
325,91,-5483882675143090462,None,"If walking is slower than running, then running is ","['faster than walking', 'slower than walking']",['faster than walking'],True,False,True,[-0.49236384 -5.914886  ],True,[-0.57397234 -5.41379309],True
326,92,279892768440776821,None,"If walking is more fun than running, then running is ","['less fun than walking', 'more fun than walking']",['less fun than walking'],False,False,True,[-0.91418374 -3.20143366],True,[-0.57346398 -6.2779665 ],True
327,93,602282145715352978,None,"If walking is less fun than running, then running is ","['more fun than walking', 'less fun than walking']",['more fun than walking'],True,False,True,[-0.58880877 -5.48274708],True,[-0.77850008 -3.30246401],True
328,94,-8132297896139466810,None,"If cats can jump farther than frogs, then frogs can ","['jump less far than cats', 'jump farther than cats']",['jump less far than cats'],False,False,True,[-5.0820694  -1.09583783],False,[-0.56430006 -5.62109995],True
329,95,-92367407655224778,None,"If cats can jump less far than frogs, then frogs can ","['jump farther than cats', 'jump less far than cats']",['jump farther than cats'],True,False,True,[-0.87970221 -2.8614521 ],True,[-0.73025805 -5.00989103],True
330,96,6774016228133799201,None,"If humans can fly faster than birds, then birds can ","['fly slower than humans', 'fly faster than humans']",['fly slower than humans'],False,False,True,[-3.44183493 -1.04387712],False,[-0.76878196 -5.60934496],True
331,97,-5379612810413589975,None,"If humans can fly slower than birds, then birds can ","['fly faster than humans', 'fly slower than humans']",['fly faster than humans'],True,False,True,[-0.74980175 -2.60020065],True,[-0.91613251 -4.4774394 ],True
332,98,7365156394911091180,None,"If bears are smaller than spiders, then spiders are ","['bigger than bears', 'smaller than bears']",['bigger than bears'],False,False,True,[-1.40270317 -4.45599508],True,[-0.84371752 -5.2381587 ],True
333,99,-5656782923599060157,None,"If bears are bigger than spiders, then spiders are ","['smaller than bears', 'bigger than bears']",['smaller than bears'],True,False,True,[-0.58078933 -4.11117554],True,[-0.8524484  -6.29653263],True
334,100,-8924319291717987996,None,"If goats have longer necks than giraffes, then giraffes have ","['shorter necks than goats', 'longer necks than goats']",['shorter necks than goats'],False,False,True,[-0.87155253 -1.54065764],True,[-0.92544812 -5.81452465],True
335,101,-1524516348782716345,None,"If goats have shorter necks than giraffes, then giraffes have ","['longer necks than goats', 'shorter necks than goats']",['longer necks than goats'],True,False,True,[-0.31116363 -4.18901968],True,[-1.03031588 -5.62024736],True
336,102,-3810528041702091397,None,"If worms are more scary than sharks, then sharks are ","['less scary than worms', 'more scary than worms']",['less scary than worms'],False,False,True,[-0.76480818 -4.21240902],True,[-0.86106032 -5.60199738],True
337,103,5751260044848901114,None,"If worms are less scary than sharks, then sharks are ","['more scary than worms', 'less scary than worms']",['more scary than worms'],True,False,True,[-1.59610248 -4.77091694],True,[-1.09048319 -4.26604271],True
338,104,-7796136594408236953,None,"If shrubs are bigger than trees, then trees are ","['smaller than shrubs', 'bigger than shrubs']",['smaller than shrubs'],False,False,True,[-1.14315045 -3.14025736],True,[-0.82399768 -5.2361393 ],True
339,105,8965208748734051059,None,"If shrubs are smaller than trees, then trees are ","['bigger than shrubs', 'smaller than shrubs']",['bigger than shrubs'],True,False,True,[-2.12941122 -4.69705391],True,[-0.7743504  -6.73707151],True
340,106,-2310867436174916121,None,"If airplanes are faster than rockets, then rockets are ","['slower than airplanes', 'faster than airplanes']",['slower than airplanes'],False,False,True,[-1.03246832 -2.84149528],True,[-0.6996882  -5.39929104],True
341,107,4817162430323848740,None,"If airplanes are slower than rockets, then rockets are ","['faster than airplanes', 'slower than airplanes']",['faster than airplanes'],True,False,True,[-0.58701211 -5.38207531],True,[-0.8574456  -5.94082928],True
342,108,7721724835837490076,None,"If lemons are sweeter than tomatoes, then tomatoes are ","['less sweet than lemons', 'sweeter than lemons']",['less sweet than lemons'],False,False,True,[-3.92299175 -4.88888788],True,[-0.98440456 -4.79841471],True
343,109,-8895116630550333295,None,"If lemons are less sweet than tomatoes, then tomatoes are ","['sweeter than lemons', 'less sweet than lemons']",['sweeter than lemons'],True,False,True,[-1.32821345 -4.76459026],True,[-1.4284637  -4.07221413],True
344,110,-5094142623360925929,None,"If mice can run faster than cheetahs, then cheetahs can ","['run slower than mice', 'run faster than mice']",['run slower than mice'],False,False,True,[-4.17263317 -0.99785018],False,[-0.65959239 -4.84908724],True
345,111,-7293301576167097237,None,"If mice can run slower than cheetahs, then cheetahs can ","['run faster than mice', 'run slower than mice']",['run faster than mice'],True,False,True,[-0.33721441 -3.70592785],True,[-0.84206688 -5.88272524],True
346,112,-6991376989699659931,None,"If giraffes are fatter than penguins, then penguins are ","['skinnier than giraffes', 'fatter than giraffes']",['skinnier than giraffes'],False,False,True,[-1.94511998 -2.54592919],True,[-0.95375931 -5.61658859],True
347,113,628572805107050760,None,"If giraffes are skinnier than penguins, then penguins are ","['fatter than giraffes', 'skinnier than giraffes']",['fatter than giraffes'],True,False,True,[-0.99944633 -3.35302186],True,[-1.42220628 -2.54276681],True
348,114,6955712299445511871,None,"If fish are more loyal than dogs, then dogs are ","['less loyal than fish', 'more loyal than fish']",['less loyal than fish'],False,False,True,[-1.39359486 -2.99419427],True,[-0.81167275 -6.15738964],True
349,115,6920915079211142666,None,"If fish are less loyal than dogs, then dogs are ","['more loyal than fish', 'less loyal than fish']",['more loyal than fish'],True,False,True,[-0.57182109 -4.93490696],True,[-1.11616373 -3.81819606],True
350,116,3787235184856559971,None,"If birds are more dangerous than bees, then bees are ","['less dangerous than birds', 'more dangerous than birds']",['less dangerous than birds'],False,False,True,[-0.90607667 -3.72219777],True,[-1.0218538  -6.03573847],True
351,117,-2325920902010232222,None,"If birds are less dangerous than bees, then bees are ","['more dangerous than birds', 'less dangerous than birds']",['more dangerous than birds'],True,False,True,[-0.58013028 -5.08548689],True,[-1.13763201 -4.80890512],True
352,118,1178651371955807696,None,"If caterpillars are stronger than ants, then ants are ","['weaker than caterpillars', 'stronger than caterpillars']",['weaker than caterpillars'],False,False,True,[-1.09535301 -2.68815708],True,[-1.14944434 -5.60863447],True
353,119,-3638489596351810918,None,"If caterpillars are weaker than ants, then ants are ","['stronger than caterpillars', 'weaker than caterpillars']",['stronger than caterpillars'],True,False,True,[-0.71730894 -5.7454319 ],True,[-1.21539474 -6.11052036],True
354,120,-4943407153751722235,None,"If wolves are more dangerous than lions, then lions are ","['less dangerous than wolves', 'more dangerous than wolves']",['less dangerous than wolves'],False,False,True,[-0.72489071 -3.23267198],True,[-1.00578094 -6.25360584],True
355,121,6854286059243093547,None,"If wolves are less dangerous than lions, then lions are ","['more dangerous than wolves', 'less dangerous than wolves']",['more dangerous than wolves'],True,False,True,[-0.41541857 -4.36015844],True,[-1.03075707 -4.87077379],True
356,122,7746435811691387094,None,"If ants are taller than people, then people are ","['shorter than ants', 'taller than ants']",['shorter than ants'],False,False,True,[-1.2791481  -3.40250444],True,[-0.85414326 -4.52691412],True
357,123,-6189806648415316457,None,"If ants are shorter than people, then people are ","['taller than ants', 'shorter than ants']",['taller than ants'],True,False,True,[-0.69340611 -4.49807501],True,[-0.99456239 -5.29214811],True
358,124,2952638764765458874,None,"If fish are more beautiful than butterflies, then butterflies are ","['less beautiful than fish', 'more beautiful than fish']",['less beautiful than fish'],False,False,True,[-1.2657361  -4.33403444],True,[-0.96398675 -5.63809776],True
359,125,1520162220428483952,None,"If fish are less beautiful than butterflies, then butterflies are ","['more beautiful than fish', 'less beautiful than fish']",['more beautiful than fish'],True,False,True,[-0.44645682 -4.5901866 ],True,[-1.08339834 -3.98846102],True
360,126,5793465131467932771,None,"If cats are stronger than dogs, then dogs are ","['weaker than cats', 'stronger than cats']",['weaker than cats'],False,False,True,[-1.23679245 -2.38033295],True,[-0.92043406 -5.73605728],True
361,127,4449328464121549937,None,"If cats are weaker than dogs, then dogs are ","['stronger than cats', 'weaker than cats']",['stronger than cats'],True,False,True,[-0.61073589 -5.92805386],True,[-1.06778455 -6.22894764],True
362,128,1298297350600209801,None,"If insects are stronger than gorillas, then gorillas are ","['weaker than insects', 'stronger than insects']",['weaker than insects'],False,False,True,[-1.62024832 -2.09819841],True,[-0.86865407 -5.01307583],True
363,129,-8898901983486089309,None,"If insects are weaker than gorillas, then gorillas are ","['stronger than insects', 'weaker than insects']",['stronger than insects'],True,False,True,[-0.71900237 -4.60071278],True,[-1.08945441 -7.01097631],True
364,130,-6920632076298894797,None,"If the night is hotter than the day, then the day is ","['colder than the night', 'hotter than the night']",['colder than the night'],False,False,True,[-1.50614524 -3.25152421],True,[-0.9534477  -3.63538814],True
365,131,4252095085205046050,None,"If the night is colder than the day, then the day is ","['hotter than the night', 'colder than the night']",['hotter than the night'],True,False,True,[-1.67469811 -3.67689514],True,[-0.89033639 -5.21632576],True
366,132,1546749665637306531,None,"If silver is more expensive than gold, then gold is ","['less expensive than silver', 'more expensive than silver']",['less expensive than silver'],False,False,True,[-1.9859817  -3.57680893],True,[-0.92780966 -5.33337927],True
367,133,-1845929951718846157,None,"If silver is less expensive than gold, then gold is ","['more expensive than silver', 'less expensive than silver']",['more expensive than silver'],True,False,True,[-0.48097828 -4.7424407 ],True,[-0.92606026 -4.61468697],True
368,134,-1973889908152216142,None,"If enemies are better than friends, then friends are ","['worse than enemies', 'better than enemies']",['worse than enemies'],False,False,True,[-1.00484014 -2.46328545],True,[-1.02980912 -4.82226896],True
369,135,-1957362655164235651,None,"If enemies are worse than friends, then friends are ","['better than enemies', 'worse than enemies']",['better than enemies'],True,False,True,[-0.52921128 -2.90018129],True,[-1.11023748 -4.29619265],True
370,136,-221999222062362349,None,"If cars are bigger than boats, then boats are ","['smaller than cars', 'bigger than cars']",['smaller than cars'],False,False,True,[-0.84272587 -3.83127499],True,[-0.61578143 -6.02027082],True
371,137,2786473815015672619,None,"If cars are smaller than boats, then boats are ","['bigger than cars', 'smaller than cars']",['bigger than cars'],True,False,True,[-1.17032099 -5.42863083],True,[-0.65189242 -5.84309912],True
372,138,3141798095453440871,None,"If horses are faster than cars, then cars are ","['slower than horses', 'faster than horses']",['slower than horses'],False,False,True,[-1.16760778 -1.99607289],True,[-0.65046585 -5.1710515 ],True
373,139,845466941182018256,None,"If horses are slower than cars, then cars are ","['faster than horses', 'slower than horses']",['faster than horses'],True,False,True,[-0.34494528 -5.47176075],True,[-0.83696318 -6.3964057 ],True
374,140,-3959265181253221423,None,"If snow is wetter than rain, then rain is ","['drier than snow', 'wetter than snow']",['drier than snow'],False,False,True,[-1.17180204 -3.5350256 ],True,[-1.14039028 -2.83560038],True
375,141,3517436652405633909,None,"If snow is drier than rain, then rain is ","['wetter than snow', 'drier than snow']",['wetter than snow'],True,False,True,[-0.91582662 -7.11058092],True,[-0.94303936 -5.28496599],True
376,142,-1845346098479525325,None,"If winter is hotter than summer, then summer is ","['colder than winter', 'hotter than winter']",['colder than winter'],False,False,True,[-1.00189888 -3.68637991],True,[-0.95116937 -4.38749552],True
377,143,7531659882959321556,None,"If winter is colder than summer, then summer is ","['hotter than winter', 'colder than winter']",['hotter than winter'],True,False,True,[-1.5823313 -4.6157155],True,[-0.9422332  -5.91244698],True
378,144,3655158864364376889,None,"If Europe is bigger than Africa, then Africa is ","['smaller than Europe', 'bigger than Europe']",['smaller than Europe'],False,False,True,[-0.85674828 -2.73329973],True,[-0.95909846 -5.91525126],True
379,145,-5822091466613857546,None,"If Europe is smaller than Africa, then Africa is ","['bigger than Europe', 'smaller than Europe']",['bigger than Europe'],True,False,True,[-1.67004514 -4.83068275],True,[-1.09735    -5.39656019],True
380,146,-7653765526515964481,None,"If Europe is bigger than Latin America, then Latin America is ","['smaller than Europe', 'bigger than Europe']",['smaller than Europe'],False,False,True,[-1.11536646 -3.10793638],True,[-0.98741746 -5.96372414],True
381,147,9022930056001478339,None,"If Europe is smaller than Latin America, then Latin America is ","['bigger than Europe', 'smaller than Europe']",['bigger than Europe'],True,False,True,[-1.72537684 -4.7757268 ],True,[-1.25404954 -3.76429653],True
382,148,-3722096239967194593,None,"If Europe is bigger than Asia, then Asia is ","['smaller than Europe', 'bigger than Europe']",['smaller than Europe'],False,False,True,[-0.89234287 -2.73945522],True,[-1.07129085 -6.14920998],True
383,149,-6717285303358404560,None,"If Europe is smaller than Asia, then Asia is ","['bigger than Europe', 'smaller than Europe']",['bigger than Europe'],True,False,True,[-1.9980725  -4.82507753],True,[-1.15366566 -6.25554562],True
384,150,-811472450754184993,None,"If Australia is bigger than Africa, then Africa is ","['smaller than Australia', 'bigger than Australia']",['smaller than Australia'],False,False,True,[-0.81763357 -2.91479087],True,[-0.84289891 -5.65323687],True
385,151,5220437495604394210,None,"If Australia is smaller than Africa, then Africa is ","['bigger than Australia', 'smaller than Australia']",['bigger than Australia'],True,False,True,[-1.43124735 -4.82934666],True,[-0.91541743 -5.82423401],True
386,152,-602197804810995999,None,"If the moon is hotter than the sun, then the sun is ","['colder than the moon', 'hotter than the moon']",['colder than the moon'],False,False,True,[-1.44924235 -2.05828977],True,[-0.94224495 -4.21935892],True
387,153,-7683712629492836919,None,"If the moon is colder than the sun, then the sun is ","['hotter than the moon', 'colder than the moon']",['hotter than the moon'],True,False,True,[-0.86483514 -4.04213333],True,[-0.98093015 -5.70471859],True
388,154,-242093053466049283,None,"If the moon is brighter than the sun, then the sun is ","['dimmer than the moon', 'brighter than the moon']",['dimmer than the moon'],False,False,True,[-3.24847865 -1.7081542 ],False,[-1.26118112 -4.55548096],True
389,155,-6289411724456132838,None,"If the moon is dimmer than the sun, then the sun is ","['brighter than the moon', 'dimmer than the moon']",['brighter than the moon'],True,False,True,[-0.53444761 -3.36569381],True,[-1.18460846 -5.56659079],True
390,156,8735925346012454397,None,"If thrum have more legs than pand, then pand have ","['fewer legs than thrum', 'more legs than thrum']",['fewer legs than thrum'],True,True,False,[-2.32998991 -3.25350237],True,[-0.7130419  -3.09759831],True
391,157,8124533083706413680,None,"If glon are bigger than femp, then femp are ","['smaller than glon', 'bigger than glon']",['smaller than glon'],False,True,False,[-1.82074356 -3.30588531],True,[-0.84091705 -3.59228325],True
392,158,-727113364806762004,None,"If brid are bigger than gusp, then gusp are ","['smaller than brid', 'bigger than brid']",['smaller than brid'],False,True,False,[-0.89918172 -2.78375888],True,[-1.22987008 -1.98103762],True
393,159,1045288251279258534,None,"If gusp are bigger than brid, then brid are ","['smaller than gusp', 'bigger than gusp']",['smaller than gusp'],True,True,False,[-1.27460372 -2.93974686],True,[-1.07595539 -2.45348001],True
394,160,-3760764422008596433,None,"If jank are bigger than saft, then saft are ","['smaller than jank', 'bigger than jank']",['smaller than jank'],False,True,False,[-1.04255366 -4.04875469],True,[-0.63457626 -4.13865137],True
395,161,-4735988745704277220,None,"If saft are bigger than jank, then jank are ","['smaller than saft', 'bigger than saft']",['smaller than saft'],True,True,False,[-1.07403028 -3.77459478],True,[-0.49277237 -4.37344456],True
396,162,-432937686334724428,None,"If sapt is bigger than phrite, then phrite is ","['smaller than sapt', 'bigger than sapt']",['smaller than sapt'],True,True,False,[-1.69745421 -4.30814791],True,[-1.14095199 -3.02045298],True
397,163,5072566530959976353,None,"If zint is more crandful than yob, then yob is ","['less crandful than zint', 'more crandful than zint']",['less crandful than zint'],False,True,False,[-1.32504272 -4.62338734],True,[-1.3234266  -1.57595825],True
398,164,-7002783750274051997,None,"If yink are more useful than clun, then clun is ","['less useful than yink', 'more useful than yink']",['less useful than yink'],False,True,False,[-3.98382592 -4.71440268],True,[-0.77150261 -3.78197527],True
399,165,-2454451169293814112,None,"If clun is more useful than yink, then yink is ","['less useful than clun', 'more useful than clun']",['less useful than clun'],True,True,False,[-3.54668832 -4.53970242],True,[-0.88639349 -3.77524233],True
400,166,-2520245142256437804,None,"If vant are more beautiful than phrist, then phrist are ","['less beautiful than vant', 'more beautiful than vant']",['less beautiful than vant'],True,True,False,[-1.53250015 -3.32330036],True,[-0.71677059 -5.11336422],True
401,167,-4355610584922411022,None,"If the Sahara desert is colder than dimp, then dimp is ","['hotter than the Sahara desert', 'colder than dimp']",['hotter than the Sahara desert'],False,True,False,[-2.22398829 -7.29323578],True,[-0.93443418 -3.8052125 ],True
402,168,-5883637983884622056,None,"If zoft is worse than crand, then crand is ","['better than zoft', 'worse than zoft']",['better than zoft'],True,True,False,[-5.97183943 -9.92606258],True,[-4.46289682 -4.25140095],False
403,169,-6487436106774960559,None,"If spuff is bigger than the yact, then yact is ","['smaller than the spuff', 'bigger than spuff']",['smaller than the spuff'],True,True,False,[-9.33805752 -6.37073135],False,[-1.59395385 -1.94724882],True
404,170,-3226876310209217044,None,"If mag is colder than yoct, then yoct is ","['hotter than mag', 'colder than mag']",['hotter than mag'],False,True,False,[-2.7814405  -5.48152637],True,[-1.0311414 -2.0308795],True
405,171,-5474677053515532782,None,"If criff is brighter than hamp, then hamp is ","['darker than criff', 'brighter than criff']",['darker than criff'],False,True,False,[-2.22150898 -3.71680975],True,[-0.57275838 -2.70040345],True
406,172,-6970375157378806101,None,"If hamp is brighter than criff, then criff is ","['darker than hamp', 'brighter than hamp']",['darker than hamp'],True,True,False,[-2.08873177 -3.75957203],True,[-0.51127183 -3.64171147],True
407,173,-2697475412904346405,None,"If vept is bigger than gluff, then gluff is ","['smaller than vept', 'bigger than vept']",['smaller than vept'],False,True,False,[-5.57842255 -4.41164684],False,[-1.29753208 -2.42304254],True
408,174,4140979045654885568,None,"If gluff is bigger than vept, then vept is ","['smaller than gluff', 'bigger than gluff']",['smaller than gluff'],True,True,False,[-5.76425362 -4.7024045 ],False,[-1.18825912 -2.31281519],True
409,175,-8271539541068151332,None,"If sland are uglier than traft, then butterblen are ","['prettier than sland', 'uglier than sland']",['prettier than sland'],True,True,False,[-3.7702837  -3.18428969],False,[-1.49261403 -0.99368376],False
410,176,-8334056675379937829,None,"If butterblen are prettier than sland, then sland are ","['uglier than traft', 'prettier than traft']",['uglier than traft'],True,True,False,[-15.46455193 -13.36641312],False,[-1.06285834 -2.31541109],True
411,177,730760904903887852,None,"If brid are taller than plusk, then plusk are ","['shorter than brid', 'taller than brid']",['shorter than brid'],True,True,False,[-0.9946332 -3.2662065],True,[-0.72529763 -3.60897756],True
412,178,-540517858567699392,None,"If frun is hotter than blop, then blop is ","['colder than frun', 'hotter than frun']",['colder than frun'],False,True,False,[-1.05217814 -4.68303871],True,[-0.50350404 -3.89640045],True
413,179,-2793261240142245139,None,"If hap are bigger than thrund, then thrund are ","['smaller than hap', 'bigger than hap']",['smaller than hap'],True,True,False,[-1.00253165 -4.31846476],True,[-0.71415931 -2.96691942],True
414,180,6202464604681609499,None,"If ved are less scary than trunt, then trunt are ","['less scary than ved', 'less scary than ved']",['less scary than ved'],False,True,False,[-3.55171776 -3.55171776],True,[-0.78817827 -0.78817827],True
415,181,7793231174691561385,None,"If yoct is hotter than mag, then mag is ","['colder than yoct', 'hotter than yoct']",['colder than yoct'],False,True,False,[-1.78676939 -4.64279699],True,[-0.68857622 -3.46542144],True
416,182,-2841423485000984303,None,"If jict is less sweet than phropt, then phropt is ","['sweeter than jict', 'less sweet than jict']",['sweeter than jict'],False,True,False,[-1.1772182  -4.67425251],True,[-0.79671317 -3.55118203],True
417,183,-3990928120554244019,None,"If phropt is less sweet than jict, then jict is ","['sweeter than phropt', 'less sweet than phropt']",['sweeter than phropt'],True,True,False,[-1.21270967 -4.14981174],True,[-0.74288607 -2.87052417],True
418,184,640245666763811854,None,"If jict is sweeter than phropt, then phropt is ","['less sweet than jict', 'sweeter than jict']",['less sweet than jict'],True,True,False,[-2.30506635 -4.38419485],True,[-0.8519274  -2.97862291],True
419,185,-7798733081264044160,None,"If blop is more drast than wet, then blop is ","['less wet than drast', 'more wet than drast']",['less wet than drast'],False,True,False,[-7.30421877 -5.60427284],False,[-2.08466554 -0.83962798],False
420,186,8901684959184144886,None,"If drast is less wet than blop, then blop is ","['more wet than drast', 'less wet than drast']",['more wet than drast'],True,True,False,[-2.08449483 -4.02632332],True,[-1.0294162  -1.90154099],True
421,187,-4477803286042926232,None,"If blop is more wet than drast, then drast is ","['less wet than blop', 'more drast than wet']",['less wet than blop'],True,True,False,[ -1.85124874 -11.08345795],True,[-0.4907994  -4.86411381],True
422,188,-6726451756792460528,None,"If frun is more hot than beb, then beb is ","['less hot than frun', 'more hot than frun']",['less hot than frun'],False,True,False,[-1.22713244 -5.14855623],True,[-0.73972732 -3.0169003 ],True
423,189,-8372853922363515289,None,"If clun is softer than yab, then yab is ","['harder than clun', 'softer than clun']",['harder than clun'],True,True,False,[-0.96459168 -5.02047157],True,[-1.1335789  -2.00739741],True
424,190,5791010131131454883,None,"If vant are more beautiful than sask, then sask are ","['less beautiful than vant', 'more beautiful than vant']",['less beautiful than vant'],True,True,False,[-1.58998156 -2.77726126],True,[-0.64985263 -4.79883432],True
425,191,-4977823609236161685,None,"If trunt are slimier than ved, then ved are ","['drier than trunt', 'slimier than trunt']",['drier than trunt'],False,True,False,[-4.55552292 -3.92021656],False,[-0.67858845 -4.30395412],True
426,192,-5318299310577333960,None,"If ved are drier than trunt, then trunt are ","['slimier than ved', 'drier than ved']",['slimier than ved'],False,True,False,[-11.06905365  -4.33795929],False,[-2.8378818  -1.46354222],False
427,193,3955164202284894551,None,"If trunt are drier than ved, then ved are ","['slimier than trunt', 'drier than trunt']",['slimier than trunt'],True,True,False,[-9.86091709 -4.81694317],False,[-3.47321606 -1.22382438],False
428,194,-7361893098231296651,None,"If lupt is louder than flump, then flump is ","['quieter than lupt', 'louder than lupt']",['quieter than lupt'],True,True,False,[-1.42630184 -4.24008608],True,[-0.72748053 -3.99266648],True
429,195,2618664806437686824,None,"If bript are slower than shrad, then shrad are ","['faster than bript', 'slower than bript']",['faster than bript'],False,True,False,[-0.9763574 -3.2684679],True,[-1.37539184 -1.37237501],False
430,196,-2735238257109133613,None,"If shrad are slower than bript, then bript are ","['faster than shrad', 'slower than shrad']",['faster than shrad'],True,True,False,[-0.91008335 -4.82331753],True,[-1.40288317 -1.40509617],True
431,197,-7789146051346368738,None,"If zoct are less fluffy than yink, then yink are ","['fluffier than zoct', 'less fluffy than zoct']",['fluffier than zoct'],True,True,False,[-2.21455145 -2.58197069],True,[-1.1857574  -1.69020224],True
432,198,3650345013135205867,None,"If vant are less hairy than jiss, then jiss are ","['more hairy than vant', 'less hairy than vant']",['more hairy than vant'],True,True,False,[-1.17495787 -3.56168628],True,[-1.06361067 -2.06145072],True
433,199,2584035646986143386,None,"If frupt are smaller than bript, then bript are ","['bigger than frupt', 'smaller than frupt']",['bigger than frupt'],True,True,False,[-5.10454988 -5.43033886],True,[-1.20252323 -1.58235109],True
434,200,-3256869816614821932,None,"If glat are less sweet than chand, then chand are ","['more sweet than glat', 'less sweet than glat']",['more sweet than glat'],False,True,False,[-2.27262259 -2.66513252],True,[-0.74214864 -2.61806917],True
435,201,5631081164792010835,None,"If chand are less sweet than glat, then glat are ","['more sweet than chand', 'less sweet than chand']",['more sweet than chand'],True,True,False,[-4.17457819 -3.47984552],False,[-1.02341568 -2.27187037],True
436,202,-6432245413957928946,None,"If smed are taller than dring, then dring are ","['shorter than smed', 'taller than smed']",['shorter than smed'],False,True,False,[-1.15390217 -4.25428486],True,[-0.78026766 -3.42654991],True
437,203,7772345266038515008,None,"If smed are shorter than dring, then dring are ","['taller than smed', 'shorter than smed']",['taller than smed'],True,True,False,[-1.59713387 -3.85235667],True,[-0.7569707 -3.1336062],True
438,204,2070646610001626822,None,"If pron is slower than gand, then gand is ","['faster than pron', 'slower than pron']",['faster than pron'],True,True,False,[-1.84927332 -5.52730036],True,[-1.62958753 -1.12934721],False
439,205,-2568735503830117925,None,"If gand is faster than pron, then pron is ","['slower than gand', 'faster than gand']",['slower than gand'],True,True,False,[-1.73040175 -3.37733841],True,[-0.46956214 -5.24147844],True
440,206,-1598994487299736934,None,"If gand is less fun than pron, then pron is ","['more fun than gand', 'less fun than gand']",['more fun than gand'],False,True,False,[-0.79848427 -4.36143494],True,[-0.82072294 -2.07094073],True
441,207,-2662936027622292574,None,"If nost can jump farther than frupt, then frupt can ","['jump less far than nost', 'jump farther than nost']",['jump less far than nost'],True,True,False,[-4.85362434 -2.05347133],False,[-0.77161777 -3.91627598],True
442,208,-3182201467015631476,None,"If trag can fly slower than pand, then pand can ","['fly faster than trag', 'fly slower than trag']",['fly faster than trag'],True,True,False,[-0.61409509 -3.56297827],True,[-1.36177957 -2.60933566],True
443,209,321330892262338948,None,"If dact are less scary than sclack, then sclack are ","['more scary than dact', 'less scary than dact']",['more scary than dact'],False,True,False,[-2.32194233 -3.41121912],True,[-0.88154799 -2.25348902],True
444,210,-6074760684125148582,None,"If chask are faster than snaff, then snaff are ","['slower than chask', 'faster than chask']",['slower than chask'],True,True,False,[-1.61330736 -2.85284877],True,[-0.34656006 -4.8600235 ],True
445,211,-2718936478996441987,None,"If mfrun can run faster than cim, then cim can ","['run slower than besp', 'run faster than besp']",['run slower than besp'],False,True,False,[-25.47165871 -20.4519577 ],False,[-2.13573718 -2.01246333],False
446,212,-3316047072561496598,None,"If mfrun can run slower than cim, then cim can ","['run faster than besp', 'run slower than besp']",['run faster than besp'],True,True,False,[-22.84609032 -21.18204689],False,[-1.97024524 -2.33770227],True
447,213,-2587896633832196681,None,"If bript are less loyal than fuft, then fuft are ","['more loyal than bript', 'less loyal than bript']",['more loyal than bript'],False,True,False,[-0.45050475 -4.76123381],True,[-1.1900177  -2.08620286],True
448,214,-8811993465876777171,None,"If pand are less dangerous than sleck, then sleck are ","['more dangerous than pand', 'less dangerous than pand']",['more dangerous than pand'],True,True,False,[-1.3075999  -3.70462418],True,[-1.36212742 -2.10984492],True
449,215,-3347049773381450843,None,"If jang are stronger than sland, then sland are ","['weaker than jang', 'stronger than jang']",['weaker than jang'],False,True,False,[-1.92788935 -2.32837963],True,[-1.11723804 -3.87771201],True
450,216,-97169141306430071,None,"If sland are weaker than jang, then jang are ","['stronger than sland', 'weaker than sland']",['stronger than sland'],False,True,False,[-2.11987972 -3.79472923],True,[-0.87721705 -4.51049519],True
451,217,-8296924805477715179,None,"If sland are stronger than jang, then jang are ","['weaker than sland', 'stronger than sland']",['weaker than sland'],True,True,False,[-3.1964066  -2.75675488],False,[-0.8505457  -4.60818386],True
452,218,-3195109721311081809,None,"If fuft are less beautiful than traft, then butterblen are ","['more beautiful than fuft', 'less beautiful than fuft']",['more beautiful than fuft'],True,True,False,[-3.04398012 -4.67735386],True,[-1.60512137 -1.3566004 ],False
453,219,-2426977797363672547,None,"If bript are weaker than frupt, then frupt are ","['stronger than bript', 'weaker than bript']",['stronger than bript'],False,True,False,[-1.84024799 -5.11630154],True,[-0.84343368 -4.09877348],True
454,220,-4852879655209620010,None,"If frupt are weaker than bript, then bript are ","['stronger than frupt', 'weaker than frupt']",['stronger than frupt'],True,True,False,[-1.64686036 -4.47174168],True,[-0.75847876 -3.38372755],True
455,221,4063068020568552769,None,"If bript are stronger than frupt, then frupt are ","['weaker than bript', 'stronger than bript']",['weaker than bript'],True,True,False,[-2.28680754 -3.56863213],True,[-0.80410105 -4.18836069],True
456,222,-6143027021935886637,None,"If fisk are stronger than jisk, then jisk are ","['weaker than fisk', 'stronger than fisk']",['weaker than fisk'],True,True,False,[-2.18428874 -3.41346264],True,[-0.63258344 -4.51466703],True
457,223,3524832123112298098,None,"If yasp is colder than yot, then yot is ","['hotter than yasp', 'colder than yasp']",['hotter than yasp'],True,True,False,[-1.70698464 -4.83362913],True,[-1.14236832 -1.89262307],True
458,224,-9214270997587760278,None,"If bisk is more expensive than splink, then splink is ","['less expensive than bisk', 'more expensive than bisk']",['less expensive than bisk'],False,True,False,[-1.71513963 -4.4493165 ],True,[-0.94782311 -3.83206534],True
459,225,-1016822245761151532,None,"If bem are worse than threck, then threck are ","['better than bem', 'worse than bem']",['better than bem'],False,True,False,[-1.65929401 -2.39407778],True,[-2.26130652 -1.26326895],False
460,226,-3970720852244948480,None,"If thrump are slower than om, then om are ","['faster than thrump', 'slower than thrump']",['faster than thrump'],True,True,False,[-0.76329631 -3.34690285],True,[-1.29290533 -1.79640567],True
461,227,1120978695888001703,None,"If zoct is wetter than flump, then flump is ","['drier than zoct', 'wetter than zoct']",['drier than zoct'],False,True,False,[-1.63192034 -5.67103958],True,[-0.88856024 -1.94863713],True
462,228,7793231174691561385,None,"If yoct is hotter than mag, then mag is ","['colder than yoct', 'hotter than yoct']",['colder than yoct'],False,True,False,[-1.78676939 -4.64279699],True,[-0.68857622 -3.46542144],True
463,229,-111846157513329737,None,"If mag is hotter than yoct, then yoct is ","['colder than mag', 'hotter than mag']",['colder than mag'],True,True,False,[-2.88051009 -4.96569729],True,[-0.76482207 -3.91122341],True
464,230,4437262377278593238,None,"If stope is bigger than thrun, then thrun is ","['smaller than stope', 'bigger than stope']",['smaller than stope'],True,True,False,[-3.56030297 -4.50670433],True,[-1.20224249 -2.45243216],True
465,231,1340821796916393924,None,"If phrite is colder than sclace, then sclace is ","['hotter than phrite', 'colder than phrite']",['hotter than phrite'],True,True,False,[-1.68935382 -4.29353428],True,[-1.44347095 -1.69106638],True
466,232,3587150703088791628,None,"If phrite is brighter than sclace, then sclace is ","['dimmer than phrite', 'brighter than phrite']",['dimmer than phrite'],False,True,False,[-2.87373924 -4.99677277],True,[-0.78603601 -4.95742369],True
467,233,-5435048449970267672,None,"If sclace is brighter than phrite, then phrite is ","['dimmer than sclace', 'brighter than sclace']",['dimmer than sclace'],True,True,False,[-2.62962747 -4.87769938],True,[-0.72768652 -5.16377258],True
